customer_id,plan_type,total_events,features_used,total_session_mins,days_since_active,weekly_event_rate,tenure_days,days_to_renewal,feature_breadth,churned
cust_0001,pro,50,10,1261.3999999999999,0,3.89,55,60,0.2,0
cust_0002,pro,77,10,1477.1,4,5.99,344,30,0.13,0
cust_0006,pro,44,9,994.2000000000002,5,3.42,138,120,0.205,0
cust_0012,enterprise,81,10,1783.4999999999998,3,6.3,286,150,0.123,0
cust_0013,enterprise,74,10,1456.1999999999998,2,5.75,463,-60,0.135,0
cust_0017,pro,34,10,608.5999999999999,3,2.64,327,60,0.294,0
cust_0019,free,13,7,328.5,21,1.01,507,-1,0.538,1
cust_0020,pro,60,10,1467.9000000000003,70,4.67,229,90,0.167,1
cust_0025,free,4,3,70.6,20,0.31,320,-1,0.75,0
cust_0026,enterprise,86,10,1932.8000000000002,0,6.69,695,60,0.116,0
cust_0028,free,1,1,40.4,60,0.08,148,-1,1.0,0
cust_0033,free,14,8,382.7,0,1.09,387,-1,0.571,0
cust_0034,pro,67,10,1565.0999999999995,85,5.21,577,150,0.149,1
cust_0037,pro,53,10,1244.8000000000002,3,4.12,473,150,0.189,0
cust_0039,pro,37,10,840.5999999999998,1,2.88,666,30,0.27,0
cust_0041,pro,40,10,861.8999999999997,2,3.11,85,180,0.25,0
cust_0042,free,8,7,150.5,52,0.62,699,-1,0.875,1
cust_0043,free,26,10,588.9000000000001,2,2.02,265,-1,0.385,0
cust_0047,free,50,10,1293.7000000000003,0,3.89,474,-1,0.2,0
cust_0048,pro,48,10,1132.6999999999998,0,3.73,703,0,0.208,0
cust_0049,enterprise,125,10,2981.9999999999995,56,9.72,482,0,0.08,1
cust_0050,free,25,10,582.1,2,1.94,563,-1,0.4,0
cust_0051,free,20,8,398.6,6,1.56,244,-1,0.4,0
cust_0052,free,30,10,689.6,8,2.33,711,-1,0.333,0
cust_0053,pro,27,10,647.8000000000001,11,2.1,160,60,0.37,1
cust_0054,free,33,10,768.8999999999999,1,2.57,84,-1,0.303,0
cust_0058,pro,30,10,729.7999999999997,2,2.33,573,-60,0.333,0
cust_0059,free,4,4,52.8,85,0.31,381,-1,1.0,1
cust_0061,pro,61,10,1415.7999999999997,0,4.74,322,0,0.164,0
cust_0063,enterprise,112,10,2446.7000000000003,1,8.71,465,-30,0.089,0
cust_0065,pro,52,10,1185.1,2,4.04,271,120,0.192,0
cust_0066,enterprise,99,10,2230.9,10,7.7,408,150,0.101,1
cust_0068,pro,49,9,1174.5000000000002,69,3.81,159,180,0.184,1
cust_0069,pro,21,9,464.09999999999997,74,1.63,199,-60,0.429,1
cust_0071,pro,71,10,1690.5,0,5.52,606,-30,0.141,0
cust_0074,free,43,10,897.8,1,3.34,710,-1,0.233,0
cust_0077,pro,65,10,1653.1,3,5.05,414,180,0.154,0
cust_0080,free,37,10,728.1999999999999,6,2.88,620,-1,0.27,0
cust_0084,free,10,8,179.4,10,0.78,139,-1,0.8,0
cust_0089,free,4,4,35.3,84,0.31,391,-1,1.0,1
cust_0090,enterprise,133,10,2928.6000000000004,77,10.34,116,-60,0.075,1
cust_0092,pro,49,10,1175.8000000000002,0,3.81,393,120,0.204,0
cust_0094,pro,59,10,1470.5999999999992,77,4.59,424,60,0.169,1
cust_0096,pro,48,10,1103.9,0,3.73,544,180,0.208,0
cust_0100,enterprise,139,10,3237.9999999999995,0,10.81,423,150,0.072,0
cust_0105,free,8,7,184.9,19,0.62,669,-1,0.875,0
cust_0109,free,24,10,469.70000000000005,0,1.87,718,-1,0.417,0
cust_0110,free,7,6,124.99999999999999,79,0.54,687,-1,0.857,1
cust_0111,pro,41,10,990.1,0,3.19,294,30,0.244,0
cust_0113,pro,26,10,695.8,50,2.02,729,-30,0.385,1
cust_0114,free,4,4,103.99999999999999,18,0.31,179,-1,1.0,0
cust_0116,pro,45,10,1129.8999999999996,77,3.5,211,-60,0.222,1
cust_0117,free,15,10,338.20000000000005,5,1.17,173,-1,0.667,0
cust_0119,pro,25,9,506.20000000000005,7,1.94,243,120,0.36,0
cust_0123,pro,14,8,316.9,87,1.09,289,90,0.571,1
cust_0125,free,34,9,943.3000000000001,90,2.64,481,-1,0.265,1
cust_0126,enterprise,61,10,1374.3000000000002,0,4.74,368,0,0.164,0
cust_0130,enterprise,102,10,2226.8999999999996,1,7.93,299,0,0.098,0
cust_0133,pro,42,10,972.0000000000001,78,3.27,492,30,0.238,1
cust_0135,free,6,4,176.2,11,0.47,695,-1,0.667,0
cust_0138,free,14,10,312.7,62,1.09,719,-1,0.714,1
cust_0140,free,27,10,652.0999999999997,10,2.1,524,-1,0.37,1
cust_0143,pro,28,10,640.4,0,2.18,148,30,0.357,0
cust_0144,free,8,6,197.60000000000002,82,0.62,359,-1,0.75,1
cust_0145,pro,30,10,652.3999999999999,2,2.33,683,90,0.333,0
cust_0146,enterprise,124,10,2886.6000000000004,0,9.64,728,180,0.081,0
cust_0149,pro,43,10,1054.2,2,3.34,564,60,0.233,0
cust_0150,free,18,10,301.69999999999993,3,1.4,416,-1,0.556,0
cust_0151,free,50,9,1303.3999999999999,80,3.89,405,-1,0.18,1
cust_0152,free,19,9,587.5000000000001,15,1.48,251,-1,0.474,0
cust_0153,pro,47,10,1017.2000000000002,0,3.65,438,180,0.213,0
cust_0155,free,9,6,213.1,4,0.7,658,-1,0.667,0
cust_0161,free,27,10,642.0999999999999,41,2.1,553,-1,0.37,1
cust_0162,pro,62,10,1524.0000000000002,72,4.82,310,-60,0.161,1
cust_0164,free,17,10,347.69999999999993,1,1.32,111,-1,0.588,0
cust_0167,enterprise,86,10,1941.9000000000008,0,6.69,554,60,0.116,0
cust_0170,pro,48,10,1173.1,73,3.73,159,-60,0.208,1
cust_0171,free,36,10,822.9000000000001,0,2.8,287,-1,0.278,0
cust_0177,pro,51,10,1253.1999999999994,62,3.97,497,60,0.196,1
cust_0181,pro,26,10,625.1,5,2.02,76,60,0.385,0
cust_0183,free,9,8,257.9,13,0.7,115,-1,0.889,0
cust_0190,pro,37,10,634.6,3,2.88,536,60,0.27,0
cust_0192,pro,86,10,1992.9999999999998,0,6.69,144,150,0.116,0
cust_0195,pro,48,10,1076.3,0,3.73,338,0,0.208,0
cust_0201,pro,35,10,628.8999999999999,0,2.72,584,0,0.286,0
cust_0203,free,41,10,997.4,45,3.19,568,-1,0.244,1
cust_0205,pro,35,9,804.3999999999999,52,2.72,483,-60,0.257,1
cust_0206,enterprise,98,10,2089.8999999999996,80,7.62,189,120,0.102,1
cust_0209,pro,63,10,1491.2999999999995,79,4.9,501,120,0.159,1
cust_0211,free,46,10,1056.7,0,3.58,197,-1,0.217,0
cust_0212,enterprise,70,10,1643.0999999999997,2,5.44,335,60,0.143,0
cust_0216,pro,47,10,1055.3,56,3.65,464,-30,0.213,1
cust_0220,enterprise,113,10,2676.9,0,8.79,456,60,0.088,0
cust_0223,enterprise,91,10,2072.2000000000003,0,7.08,699,60,0.11,0
cust_0224,free,13,7,285.9,16,1.01,316,-1,0.538,0
cust_0225,free,17,8,371.4,0,1.32,396,-1,0.471,1
cust_0226,free,20,9,485.2,7,1.56,481,-1,0.45,0
cust_0239,free,23,8,520.8000000000001,77,1.79,408,-1,0.348,1
cust_0243,free,34,10,811.8000000000002,1,2.64,532,-1,0.294,0
cust_0244,pro,61,10,1493.6999999999996,1,4.74,380,-30,0.164,0
cust_0246,free,8,5,225.4,75,0.62,636,-1,0.625,1
cust_0248,pro,48,10,1179.3000000000002,2,3.73,297,0,0.208,0
cust_0250,enterprise,70,10,1628.2000000000007,0,5.44,544,90,0.143,0
cust_0253,free,10,5,275.7,18,0.78,575,-1,0.5,1
cust_0255,free,56,10,1453.0999999999995,2,4.35,295,-1,0.179,0
cust_0260,free,13,6,313.40000000000003,12,1.01,225,-1,0.462,0
cust_0262,pro,46,10,1000.5,1,3.58,611,0,0.217,0
cust_0264,free,32,10,785.7,1,2.49,488,-1,0.313,0
cust_0265,free,35,9,789.2999999999997,67,2.72,419,-1,0.257,1
cust_0273,enterprise,90,10,2107.0000000000005,0,7.0,702,90,0.111,0
cust_0274,enterprise,100,10,2097.300000000001,46,7.78,134,0,0.1,1
cust_0278,enterprise,55,10,1406.8000000000004,1,4.28,266,-60,0.182,0
cust_0280,pro,22,9,508.3,4,1.71,531,120,0.409,0
cust_0282,free,3,3,78.5,70,0.23,192,-1,1.0,1
cust_0286,enterprise,85,10,1813.099999999999,0,6.61,85,150,0.118,0
cust_0287,free,30,9,653.9000000000001,1,2.33,228,-1,0.3,0
cust_0288,enterprise,114,10,2752.2,81,8.86,621,90,0.088,1
cust_0291,enterprise,75,10,1807.9000000000008,37,5.83,70,-30,0.133,1
cust_0293,free,28,10,551.5,69,2.18,212,-1,0.357,1
cust_0297,free,19,8,427.69999999999993,0,1.48,615,-1,0.421,0
cust_0299,free,29,8,584.4,88,2.26,248,-1,0.276,1
cust_0300,free,11,6,269.5,5,0.86,626,-1,0.545,0
cust_0304,pro,69,10,1531.7000000000005,71,5.37,250,120,0.145,1
cust_0306,free,15,8,324.50000000000006,3,1.17,449,-1,0.533,0
cust_0307,free,2,2,57.0,49,0.16,654,-1,1.0,1
cust_0311,free,34,10,790.1999999999999,2,2.64,236,-1,0.294,0
cust_0316,pro,48,10,1104.6000000000006,2,3.73,691,0,0.208,0
cust_0318,enterprise,95,10,2102.2000000000007,0,7.39,394,120,0.105,0
cust_0319,enterprise,92,10,2119.5000000000005,0,7.15,541,150,0.109,0
cust_0320,free,54,10,1402.7,8,4.2,651,-1,0.185,0
cust_0321,pro,64,10,1476.8999999999996,1,4.98,541,150,0.156,0
cust_0324,pro,64,10,1620.4,1,4.98,602,180,0.156,0
cust_0327,free,40,10,934.4000000000001,5,3.11,711,-1,0.25,0
cust_0328,free,30,10,689.0999999999999,26,2.33,549,-1,0.333,1
cust_0334,enterprise,112,10,2537.8999999999983,64,8.71,482,120,0.089,1
cust_0335,free,46,10,1052.1,86,3.58,252,-1,0.217,1
cust_0336,pro,58,10,1291.7000000000003,0,4.51,204,0,0.172,0
cust_0341,free,14,9,396.5,9,1.09,335,-1,0.643,1
cust_0342,pro,18,9,422.7,53,1.4,460,30,0.5,1
cust_0344,pro,15,9,404.6,3,1.17,547,30,0.6,0
cust_0357,pro,41,10,1063.8,4,3.19,341,150,0.244,0
cust_0358,free,37,10,896.2,0,2.88,609,-1,0.27,0
cust_0359,free,23,9,549.9999999999999,57,1.79,30,-1,0.391,1
cust_0360,free,22,9,542.1,0,1.71,718,-1,0.409,0
cust_0361,free,43,10,1070.6,0,3.34,303,-1,0.233,0
cust_0365,pro,58,10,1332.7000000000005,0,4.51,645,120,0.172,0
cust_0366,pro,37,9,813.3000000000002,0,2.88,235,180,0.243,0
cust_0367,free,10,6,192.99999999999997,63,0.78,398,-1,0.6,1
cust_0370,free,28,9,606.5,1,2.18,363,-1,0.321,0
cust_0371,free,25,10,576.0000000000001,10,1.94,206,-1,0.4,0
cust_0372,enterprise,43,10,1025.9000000000003,0,3.34,198,60,0.233,0
cust_0376,enterprise,92,10,1913.3000000000004,0,7.15,188,-60,0.109,0
cust_0377,free,24,9,578.5,86,1.87,136,-1,0.375,1
cust_0378,free,24,9,660.1999999999999,1,1.87,537,-1,0.375,0
cust_0380,enterprise,56,10,1097.2999999999995,0,4.35,79,60,0.179,0
cust_0382,free,16,10,284.29999999999995,8,1.24,567,-1,0.625,0
cust_0383,pro,11,6,254.20000000000002,1,0.86,338,60,0.545,0
cust_0384,free,5,4,145.60000000000002,3,0.39,300,-1,0.8,0
cust_0385,free,38,10,852.8999999999996,6,2.95,596,-1,0.263,0
cust_0389,free,8,6,169.1,32,0.62,403,-1,0.75,0
cust_0391,free,33,9,701.3000000000002,77,2.57,427,-1,0.273,1
cust_0393,pro,87,10,2043.6,0,6.77,285,30,0.115,0
cust_0394,free,30,10,712.3000000000002,46,2.33,406,-1,0.333,1
cust_0395,pro,65,10,1597.4000000000003,0,5.05,476,120,0.154,0
cust_0397,enterprise,114,10,2694.9999999999995,47,8.86,352,60,0.088,1
cust_0400,pro,22,9,552.8999999999999,67,1.71,156,0,0.409,1
cust_0405,pro,39,9,917.0999999999998,0,3.03,382,180,0.231,0
cust_0406,pro,74,10,1740.7999999999997,0,5.75,619,120,0.135,0
cust_0410,enterprise,98,10,2198.5999999999995,0,7.62,530,-60,0.102,0
cust_0412,free,50,10,1310.0999999999997,1,3.89,516,-1,0.2,0
cust_0413,free,22,8,553.3,88,1.71,303,-1,0.364,1
cust_0415,pro,28,10,633.4000000000001,0,2.18,552,-30,0.357,0
cust_0419,enterprise,113,10,2687.3,0,8.79,375,180,0.088,0
cust_0421,free,12,7,180.3,48,0.93,490,-1,0.583,1
cust_0423,free,42,10,1022.6,0,3.27,678,-1,0.238,0
cust_0427,enterprise,88,10,1938.2,3,6.84,258,30,0.114,0
cust_0428,pro,36,10,801.8999999999999,0,2.8,241,-30,0.278,0
cust_0429,pro,72,10,1560.8999999999996,90,5.6,198,150,0.139,1
cust_0430,free,37,10,877.6999999999998,0,2.88,88,-1,0.27,0
cust_0431,pro,26,10,635.6,0,2.02,554,90,0.385,0
cust_0432,pro,74,10,1767.8999999999996,4,5.75,293,60,0.135,0
cust_0437,pro,71,10,1647.4,0,5.52,701,0,0.141,0
cust_0440,free,15,7,260.2,76,1.17,349,-1,0.467,1
cust_0441,free,23,9,587.7,42,1.79,171,-1,0.391,1
cust_0451,pro,54,10,1426.6999999999998,31,4.2,554,-30,0.185,1
cust_0454,free,4,4,103.9,44,0.31,374,-1,1.0,1
cust_0456,free,1,1,27.3,68,0.08,148,-1,1.0,1
cust_0459,free,21,10,449.50000000000006,2,1.63,306,-1,0.476,0
cust_0460,pro,47,10,1099.3999999999999,0,3.65,271,180,0.213,0
cust_0463,free,52,10,1272.1999999999998,0,4.04,94,-1,0.192,0
cust_0464,free,35,9,803.9000000000001,4,2.72,708,-1,0.257,0
cust_0467,enterprise,91,10,2029.3000000000006,2,7.08,274,150,0.11,0
cust_0468,free,30,8,645.8,2,2.33,257,-1,0.267,0
cust_0470,enterprise,90,10,2293.8000000000006,1,7.0,659,-60,0.111,0
cust_0471,free,24,10,557.6,1,1.87,342,-1,0.417,0
cust_0473,pro,58,10,1419.5000000000002,37,4.51,451,0,0.172,1
cust_0474,enterprise,65,10,1400.7,1,5.05,53,150,0.154,0
cust_0475,free,4,4,89.69999999999999,60,0.31,97,-1,1.0,1
cust_0476,free,42,9,1068.4,11,3.27,377,-1,0.214,0
cust_0482,free,41,10,1018.3999999999999,0,3.19,446,-1,0.244,0
cust_0483,pro,34,10,649.2,1,2.64,459,-30,0.294,0
cust_0484,free,29,10,705.8000000000001,0,2.26,562,-1,0.345,0
cust_0486,pro,16,9,402.40000000000003,16,1.24,558,150,0.563,0
cust_0487,pro,60,10,1285.9999999999995,0,4.67,185,60,0.167,0
cust_0488,pro,56,10,1287.1000000000001,1,4.35,116,60,0.179,0
cust_0491,free,43,10,856.6000000000001,0,3.34,659,-1,0.233,0
cust_0492,pro,44,10,1080.3000000000002,77,3.42,102,60,0.227,1
cust_0496,enterprise,84,10,1990.6999999999998,0,6.53,700,-60,0.119,0
cust_0498,free,29,10,579.1999999999999,2,2.26,212,-1,0.345,0
cust_0499,pro,43,10,1063.5,2,3.34,431,-60,0.233,0
cust_0501,pro,67,10,1403.4999999999998,3,5.21,172,-60,0.149,0
cust_0502,enterprise,124,10,2718.5000000000005,0,9.64,404,180,0.081,0
cust_0507,pro,53,10,1256.1000000000006,3,4.12,697,-60,0.189,0
cust_0510,enterprise,89,10,2042.4,1,6.92,41,0,0.112,0
cust_0512,free,29,8,624.2,0,2.26,494,-1,0.276,0
cust_0513,pro,75,10,1866.1,0,5.83,74,30,0.133,0
cust_0515,free,32,10,681.6999999999999,87,2.49,126,-1,0.313,1
cust_0516,free,25,10,497.59999999999997,12,1.94,223,-1,0.4,1
cust_0520,free,40,9,987.8999999999997,34,3.11,641,-1,0.225,1
cust_0523,enterprise,111,10,2451.6999999999994,0,8.63,195,120,0.09,0
cust_0527,free,32,10,772.4999999999999,79,2.49,147,-1,0.313,1
cust_0529,pro,33,9,747.5999999999999,6,2.57,423,0,0.273,0
cust_0532,free,38,10,992.4999999999999,3,2.95,654,-1,0.263,0
cust_0533,pro,12,8,285.79999999999995,10,0.93,252,150,0.667,0
cust_0537,free,23,9,575.8000000000001,1,1.79,33,-1,0.391,0
cust_0541,pro,6,6,153.7,0,0.47,135,120,1.0,0
cust_0542,free,50,10,1202.0,1,3.89,722,-1,0.2,0
cust_0545,enterprise,76,10,1674.0000000000007,0,5.91,70,0,0.132,0
cust_0548,pro,63,10,1427.5,0,4.9,293,0,0.159,0
cust_0549,free,12,8,334.4,0,0.93,684,-1,0.667,0
cust_0550,free,27,9,630.5,3,2.1,667,-1,0.333,0
cust_0552,free,28,10,617.8,5,2.18,448,-1,0.357,0
cust_0559,free,38,10,830.0999999999999,0,2.95,491,-1,0.263,0
cust_0560,free,7,4,171.20000000000002,70,0.54,37,-1,0.571,1
cust_0561,free,2,2,34.6,21,0.16,330,-1,1.0,0
cust_0562,free,1,1,27.1,69,0.08,141,-1,1.0,1
cust_0564,pro,51,10,1133.5,4,3.97,618,-60,0.196,0
cust_0566,free,34,10,717.5999999999999,9,2.64,612,-1,0.294,0
cust_0567,free,26,9,671.4,1,2.02,146,-1,0.346,0
cust_0568,pro,32,9,792.6999999999999,3,2.49,593,0,0.281,0
cust_0571,free,20,9,454.0999999999999,11,1.56,542,-1,0.45,0
cust_0572,free,5,5,122.9,7,0.39,544,-1,1.0,0
cust_0574,free,70,9,1545.4000000000003,0,5.44,118,-1,0.129,0
cust_0579,free,39,10,865.9,77,3.03,82,-1,0.256,1
cust_0581,pro,62,10,1417.9000000000003,0,4.82,356,30,0.161,0
cust_0582,free,13,6,353.3999999999999,88,1.01,604,-1,0.462,1
cust_0583,pro,53,10,1256.9999999999995,0,4.12,357,0,0.189,0
cust_0585,enterprise,82,10,1819.8,6,6.38,610,150,0.122,1
cust_0586,free,31,10,770.6,0,2.41,421,-1,0.323,0
cust_0587,pro,72,10,1693.9,46,5.6,400,90,0.139,1
cust_0588,free,21,9,332.4,16,1.63,356,-1,0.429,0
cust_0590,pro,75,10,1803.6000000000001,0,5.83,403,-30,0.133,0
cust_0592,free,48,10,1186.7,0,3.73,578,-1,0.208,0
cust_0593,enterprise,104,10,2367.0,78,8.09,468,0,0.096,1
cust_0594,enterprise,118,10,2787.3,0,9.18,214,90,0.085,0
cust_0596,pro,27,10,578.3999999999999,0,2.1,350,60,0.37,0
cust_0601,free,52,10,1130.9000000000003,77,4.04,469,-1,0.192,1
cust_0606,enterprise,85,10,1832.9999999999993,0,6.61,616,90,0.118,0
cust_0608,free,20,8,475.90000000000003,10,1.56,456,-1,0.4,0
cust_0611,free,12,7,293.4,4,0.93,46,-1,0.583,0
cust_0614,pro,9,6,156.4,8,0.7,545,60,0.667,0
cust_0615,enterprise,85,10,1990.1999999999996,0,6.61,253,-30,0.118,0
cust_0616,free,26,10,613.1000000000001,4,2.02,398,-1,0.385,0
cust_0617,pro,42,10,938.6999999999998,0,3.27,537,60,0.238,0
cust_0619,free,37,10,809.1000000000001,79,2.88,611,-1,0.27,1
cust_0620,pro,75,10,1608.0000000000002,1,5.83,445,0,0.133,0
cust_0621,pro,58,10,1371.8000000000002,29,4.51,626,90,0.172,1
cust_0622,free,10,6,206.20000000000002,47,0.78,125,-1,0.6,1
cust_0625,free,25,9,627.8000000000001,26,1.94,287,-1,0.36,1
cust_0626,pro,60,10,1211.9,1,4.67,666,90,0.167,0
cust_0627,free,20,8,510.5999999999999,65,1.56,561,-1,0.4,1
cust_0628,free,24,10,640.4000000000001,48,1.87,185,-1,0.417,1
cust_0635,pro,38,9,915.2000000000002,0,2.95,267,60,0.237,0
cust_0637,pro,33,10,687.2000000000003,1,2.57,660,30,0.303,0
cust_0641,free,21,9,491.9,0,1.63,390,-1,0.429,0
cust_0643,free,8,5,190.40000000000003,59,0.62,303,-1,0.625,0
cust_0645,enterprise,76,10,1656.3999999999996,1,5.91,46,90,0.132,0
cust_0648,free,21,8,540.3,9,1.63,64,-1,0.381,0
cust_0649,pro,27,8,630.1999999999999,1,2.1,446,180,0.296,0
cust_0651,free,6,5,128.7,62,0.47,383,-1,0.833,1
cust_0652,free,3,3,105.69999999999999,32,0.23,206,-1,1.0,0
cust_0653,enterprise,104,10,2426.699999999999,0,8.09,455,180,0.096,0
cust_0654,enterprise,83,10,2022.3000000000009,3,6.45,84,180,0.12,0
cust_0656,enterprise,88,10,2061.7999999999997,0,6.84,279,120,0.114,0
cust_0657,pro,61,10,1253.9999999999998,1,4.74,687,0,0.164,0
cust_0658,free,45,10,1008.7999999999998,6,3.5,542,-1,0.222,0
cust_0659,pro,26,10,541.7,4,2.02,59,150,0.385,0
cust_0661,pro,6,5,158.1,6,0.47,556,120,0.833,0
cust_0663,pro,33,10,754.0999999999999,2,2.57,294,-60,0.303,0
cust_0667,free,10,7,138.60000000000002,2,0.78,419,-1,0.7,0
cust_0668,pro,71,10,1631.4000000000005,1,5.52,552,60,0.141,0
cust_0670,pro,2,1,40.0,78,0.16,522,90,0.5,1
cust_0671,free,41,10,876.6999999999999,3,3.19,44,-1,0.244,0
cust_0680,free,32,10,768.5,0,2.49,448,-1,0.313,0
cust_0681,pro,65,10,1527.0,89,5.05,80,120,0.154,1
cust_0687,pro,34,10,750.9000000000002,3,2.64,31,-60,0.294,0
cust_0689,free,1,1,12.5,44,0.08,109,-1,1.0,0
cust_0690,free,14,9,340.59999999999997,64,1.09,327,-1,0.643,1
cust_0691,free,42,10,949.5999999999998,72,3.27,629,-1,0.238,1
cust_0692,enterprise,88,10,2121.899999999999,47,6.84,472,120,0.114,1
cust_0694,free,60,10,1360.6999999999998,0,4.67,125,-1,0.167,0
cust_0695,free,14,9,234.40000000000003,65,1.09,46,-1,0.643,1
cust_0698,free,40,10,931.9000000000001,67,3.11,645,-1,0.25,1
cust_0699,pro,33,10,719.2,0,2.57,658,150,0.303,0
cust_0700,free,30,9,755.8000000000002,0,2.33,422,-1,0.3,0
cust_0702,enterprise,87,10,1998.1000000000001,0,6.77,315,180,0.115,0
cust_0705,free,23,9,491.5999999999999,2,1.79,556,-1,0.391,0
cust_0708,free,3,2,90.19999999999999,69,0.23,68,-1,0.667,1
cust_0710,free,21,8,553.6,1,1.63,502,-1,0.381,0
cust_0711,free,21,8,346.09999999999997,9,1.63,428,-1,0.381,0
cust_0713,pro,29,9,642.5000000000001,1,2.26,516,120,0.31,0
cust_0716,pro,72,10,1761.4,0,5.6,336,60,0.139,0
cust_0717,free,16,9,353.40000000000003,1,1.24,97,-1,0.563,0
cust_0719,free,26,10,553.3,11,2.02,406,-1,0.385,1
cust_0722,free,22,9,501.30000000000007,0,1.71,357,-1,0.409,0
cust_0723,pro,59,10,1318.3000000000004,73,4.59,566,90,0.169,1
cust_0724,pro,51,10,1130.8999999999999,4,3.97,558,180,0.196,0
cust_0730,pro,64,10,1493.2000000000007,42,4.98,192,-30,0.156,1
cust_0735,free,60,10,1333.1000000000006,1,4.67,608,-1,0.167,0
cust_0736,free,35,9,725.3,1,2.72,404,-1,0.257,0
cust_0737,free,13,9,313.2,0,1.01,575,-1,0.692,0
cust_0743,enterprise,72,10,1588.0999999999997,0,5.6,61,-30,0.139,0
cust_0746,pro,67,10,1593.3000000000002,4,5.21,728,150,0.149,0
cust_0747,pro,31,9,790.5000000000002,1,2.41,331,120,0.29,0
cust_0748,pro,24,10,515.6999999999999,81,1.87,117,0,0.417,1
cust_0750,free,15,8,316.6,10,1.17,605,-1,0.533,0
cust_0751,free,4,3,136.0,64,0.31,578,-1,0.75,1
cust_0755,free,65,10,1389.5,3,5.05,256,-1,0.154,0
cust_0756,free,56,10,1232.9000000000003,0,4.35,303,-1,0.179,0
cust_0758,pro,55,10,1221.2000000000005,0,4.28,386,-60,0.182,0
cust_0759,free,46,10,1083.5000000000002,21,3.58,335,-1,0.217,1
cust_0763,pro,88,10,1892.0000000000002,0,6.84,395,-30,0.114,0
cust_0764,pro,65,10,1453.1,0,5.05,519,30,0.154,0
cust_0765,pro,42,10,952.5999999999999,8,3.27,642,120,0.238,1
cust_0766,enterprise,104,10,2420.5000000000005,0,8.09,651,90,0.096,0
cust_0771,free,22,8,460.1,8,1.71,682,-1,0.364,0
cust_0773,free,3,2,67.8,48,0.23,672,-1,0.667,0
cust_0774,free,10,7,340.7,32,0.78,293,-1,0.7,1
cust_0775,enterprise,85,10,2042.1,0,6.61,635,-30,0.118,0
cust_0776,free,33,10,770.5000000000002,3,2.57,495,-1,0.303,0
cust_0779,enterprise,114,10,2589.100000000001,0,8.86,105,30,0.088,0
cust_0780,free,10,6,254.60000000000002,31,0.78,286,-1,0.6,1
cust_0781,free,27,8,679.3000000000002,0,2.1,463,-1,0.296,0
cust_0784,pro,16,7,324.0999999999999,7,1.24,513,0,0.438,0
cust_0786,free,42,10,991.3000000000001,89,3.27,446,-1,0.238,1
cust_0787,free,4,3,138.1,43,0.31,113,-1,0.75,0
cust_0790,free,2,1,38.4,66,0.16,152,-1,0.5,1
cust_0791,pro,56,10,1291.6,72,4.35,513,0,0.179,1
cust_0794,free,12,8,252.2,8,0.93,172,-1,0.667,0
cust_0798,free,5,4,128.20000000000002,9,0.39,616,-1,0.8,1
cust_0799,pro,21,8,592.8000000000001,0,1.63,651,30,0.381,0
cust_0802,pro,67,10,1710.4999999999995,3,5.21,610,60,0.149,0
cust_0806,pro,68,10,1479.9000000000005,55,5.29,100,150,0.147,1
cust_0807,free,36,10,854.8000000000001,3,2.8,398,-1,0.278,0
cust_0808,pro,39,10,938.6999999999999,2,3.03,330,90,0.256,0
cust_0813,free,20,10,479.30000000000007,70,1.56,634,-1,0.5,1
cust_0818,free,2,2,63.0,67,0.16,122,-1,1.0,1
cust_0821,free,11,6,242.29999999999998,83,0.86,289,-1,0.545,1
cust_0822,enterprise,91,10,2077.8,1,7.08,668,180,0.11,0
cust_0823,free,37,10,702.3000000000001,6,2.88,261,-1,0.27,0
cust_0824,pro,22,10,501.99999999999994,9,1.71,617,180,0.455,0
cust_0836,pro,48,10,973.5999999999998,1,3.73,519,180,0.208,0
cust_0837,free,28,9,686.3000000000001,80,2.18,119,-1,0.321,1
cust_0838,enterprise,97,10,2186.2,0,7.54,585,0,0.103,0
cust_0839,free,21,8,456.8,8,1.63,345,-1,0.381,0
cust_0840,enterprise,82,10,1624.1,0,6.38,181,30,0.122,0
cust_0841,free,25,9,663.4000000000001,5,1.94,364,-1,0.36,0
cust_0845,pro,52,10,1104.9,57,4.04,427,60,0.192,1
cust_0847,free,9,6,204.7,1,0.7,126,-1,0.667,0
cust_0848,enterprise,92,10,2258.499999999999,0,7.15,323,150,0.109,0
cust_0849,free,37,10,736.4999999999999,0,2.88,496,-1,0.27,0
cust_0850,enterprise,73,10,1716.4000000000005,0,5.68,351,120,0.137,0
cust_0853,pro,51,9,1283.9999999999998,0,3.97,223,150,0.176,0
cust_0854,free,3,3,70.5,30,0.23,678,-1,1.0,0
cust_0857,pro,51,10,1145.7000000000005,82,3.97,196,-30,0.196,1
cust_0858,enterprise,99,10,2162.0999999999995,1,7.7,646,30,0.101,0
cust_0859,free,2,2,48.0,11,0.16,54,-1,1.0,0
cust_0861,pro,32,9,612.7,1,2.49,178,-30,0.281,0
cust_0862,free,2,2,59.6,0,0.16,142,-1,1.0,0
cust_0864,pro,74,10,1679.1000000000001,0,5.75,509,90,0.135,0
cust_0865,free,21,8,473.30000000000007,67,1.63,345,-1,0.381,1
cust_0867,free,27,9,631.2,1,2.1,530,-1,0.333,0
cust_0868,free,58,10,1387.4,2,4.51,423,-1,0.172,0
cust_0870,pro,85,10,1808.2000000000003,76,6.61,497,60,0.118,1
cust_0871,pro,63,10,1552.7000000000003,3,4.9,187,-60,0.159,0
cust_0873,free,19,8,358.79999999999995,2,1.48,151,-1,0.421,0
cust_0874,pro,53,10,1270.5000000000002,1,4.12,351,30,0.189,0
cust_0875,pro,62,10,1356.6000000000004,0,4.82,535,-30,0.161,0
cust_0876,pro,34,10,788.8,0,2.64,358,60,0.294,0
cust_0878,enterprise,95,10,2137.8000000000006,54,7.39,697,-60,0.105,1
cust_0882,free,23,9,515.5,39,1.79,146,-1,0.391,1
cust_0883,pro,55,10,1274.8000000000004,78,4.28,473,-30,0.182,1
cust_0884,pro,79,10,1614.0000000000005,0,6.14,625,90,0.127,0
cust_0885,free,42,10,974.0000000000001,86,3.27,166,-1,0.238,1
cust_0886,free,19,8,387.9,1,1.48,675,-1,0.421,0
cust_0891,free,39,10,858.0,71,3.03,485,-1,0.256,1
cust_0892,pro,52,10,1063.5999999999995,0,4.04,222,30,0.192,0
cust_0893,free,23,10,473.40000000000003,9,1.79,244,-1,0.435,1
cust_0894,free,28,10,617.8999999999999,11,2.18,121,-1,0.357,1
cust_0895,free,20,9,431.6,2,1.56,455,-1,0.45,0
cust_0896,enterprise,80,10,1641.4000000000005,0,6.22,93,180,0.125,0
cust_0897,free,60,10,1398.1999999999998,83,4.67,539,-1,0.167,1
cust_0904,free,5,3,170.79999999999998,85,0.39,424,-1,0.6,1
cust_0907,free,42,10,904.3000000000002,6,3.27,124,-1,0.238,0
cust_0908,pro,7,6,112.8,7,0.54,117,30,0.857,0
cust_0910,enterprise,87,10,2042.8999999999999,0,6.77,72,150,0.115,0
cust_0912,free,62,10,1402.4,0,4.82,650,-1,0.161,0
cust_0914,free,32,10,759.7,0,2.49,638,-1,0.313,0
cust_0915,pro,60,10,1455.6000000000001,0,4.67,103,90,0.167,0
cust_0916,pro,29,9,731.0999999999999,6,2.26,368,60,0.31,0
cust_0918,free,33,10,807.8000000000002,1,2.57,588,-1,0.303,0
cust_0920,pro,45,9,955.0000000000002,6,3.5,86,-30,0.2,1
cust_0922,free,17,9,374.40000000000003,44,1.32,598,-1,0.529,1
cust_0923,pro,31,10,737.0000000000001,0,2.41,516,150,0.323,0
cust_0925,pro,46,10,1147.3000000000002,0,3.58,85,150,0.217,0
cust_0927,pro,56,10,1253.5000000000002,46,4.35,39,-60,0.179,1
cust_0928,free,56,10,1143.6000000000001,2,4.35,408,-1,0.179,0
cust_0931,pro,16,9,333.8,7,1.24,121,-60,0.563,0
cust_0932,pro,57,10,1255.3999999999999,0,4.43,492,180,0.175,0
cust_0933,free,31,10,616.7,3,2.41,514,-1,0.323,0
cust_0938,pro,32,10,701.6,2,2.49,634,120,0.313,0
cust_0939,free,19,9,349.69999999999993,73,1.48,560,-1,0.474,1
cust_0940,free,7,5,188.8,0,0.54,430,-1,0.714,0
cust_0941,pro,39,10,934.9000000000002,62,3.03,146,90,0.256,1
cust_0943,free,19,10,478.6,23,1.48,619,-1,0.526,1
cust_0945,enterprise,49,10,1321.8999999999999,0,3.81,447,60,0.204,0
cust_0946,pro,34,10,749.3,1,2.64,119,180,0.294,0
cust_0947,free,61,10,1114.6,70,4.74,89,-1,0.164,1
cust_0949,free,14,9,305.2000000000001,0,1.09,513,-1,0.643,0
cust_0950,free,13,6,235.99999999999997,7,1.01,238,-1,0.462,0
cust_0951,free,39,10,979.8999999999999,74,3.03,53,-1,0.256,1
cust_0953,pro,60,10,1678.5999999999995,0,4.67,180,120,0.167,0
cust_0954,free,51,10,1067.5999999999995,1,3.97,254,-1,0.196,0
cust_0957,free,20,9,551.2,9,1.56,457,-1,0.45,0
cust_0958,free,1,1,36.0,79,0.08,324,-1,1.0,1
cust_0960,pro,31,10,768.0000000000002,0,2.41,368,30,0.323,0
cust_0961,enterprise,45,10,1042.4999999999998,2,3.5,555,120,0.222,0
cust_0966,enterprise,110,10,2772.8,0,8.55,487,120,0.091,0
cust_0967,pro,32,10,848.4,2,2.49,287,60,0.313,0
cust_0970,pro,46,10,1165.8999999999999,0,3.58,98,90,0.217,0
cust_0979,free,19,8,483.50000000000006,1,1.48,700,-1,0.421,0
cust_0981,pro,58,10,1269.7000000000005,1,4.51,425,30,0.172,0
cust_0986,pro,1,1,24.4,28,0.08,482,0,1.0,0
cust_0992,free,14,6,380.2,1,1.09,50,-1,0.429,0
cust_0993,free,10,9,267.4,1,0.78,517,-1,0.9,0
cust_0995,free,58,10,1313.8000000000002,1,4.51,346,-1,0.172,0
cust_0996,free,11,6,303.1,2,0.86,725,-1,0.545,0
cust_0997,free,7,6,167.8,16,0.54,680,-1,0.857,0
cust_1000,free,13,7,307.59999999999997,6,1.01,174,-1,0.538,0
cust_1001,enterprise,105,10,2074.2,0,8.16,684,30,0.095,0
cust_1002,free,33,10,726.1999999999998,76,2.57,536,-1,0.303,1
cust_1003,enterprise,102,10,2153.400000000001,1,7.93,285,60,0.098,0
cust_1005,pro,110,10,2631.7,1,8.55,325,0,0.091,0
cust_1006,free,28,9,651.6,4,2.18,415,-1,0.321,0
cust_1008,pro,22,10,516.1999999999999,0,1.71,300,0,0.455,0
cust_1010,pro,74,10,1749.4999999999998,0,5.75,120,150,0.135,0
cust_1011,pro,39,10,778.6999999999999,21,3.03,616,150,0.256,1
cust_1012,pro,44,10,1006.5000000000001,0,3.42,479,-30,0.227,0
cust_1015,pro,61,10,1483.4999999999998,0,4.74,393,120,0.164,0
cust_1016,pro,56,10,1300.6999999999998,55,4.35,575,180,0.179,1
cust_1018,free,35,10,734.6,0,2.72,37,-1,0.286,0
cust_1019,free,46,10,1159.2,1,3.58,226,-1,0.217,0
cust_1020,enterprise,41,10,992.3,58,3.19,419,0,0.244,1
cust_1024,free,66,10,1394.1999999999998,84,5.13,133,-1,0.152,1
cust_1025,free,10,7,160.0,35,0.78,71,-1,0.7,0
cust_1030,enterprise,74,10,1788.9999999999995,0,5.75,549,0,0.135,0
cust_1034,pro,67,10,1405.6000000000001,1,5.21,366,150,0.149,0
cust_1035,pro,46,9,987.6999999999998,0,3.58,411,-30,0.196,0
cust_1040,free,9,6,165.6,2,0.7,75,-1,0.667,0
cust_1042,free,3,3,48.9,5,0.23,115,-1,1.0,0
cust_1044,pro,10,6,228.69999999999996,7,0.78,576,30,0.6,0
cust_1049,pro,77,10,1870.8999999999994,70,5.99,95,180,0.13,1
cust_1052,pro,17,7,452.29999999999995,68,1.32,324,0,0.412,1
cust_1054,pro,23,10,551.3,2,1.79,616,30,0.435,0
cust_1055,pro,34,9,767.4000000000002,2,2.64,62,60,0.265,0
cust_1056,enterprise,97,10,2233.2999999999997,0,7.54,247,150,0.103,0
cust_1060,pro,24,10,414.70000000000005,5,1.87,301,30,0.417,0
cust_1066,enterprise,78,10,1949.4,0,6.07,589,-30,0.128,0
cust_1067,enterprise,107,10,2331.9000000000005,0,8.32,72,30,0.093,0
cust_1069,free,56,10,1189.5999999999997,54,4.35,253,-1,0.179,1
cust_1071,enterprise,92,10,2074.699999999999,0,7.15,173,30,0.109,0
cust_1073,enterprise,90,10,1974.5000000000002,3,7.0,669,90,0.111,0
cust_1074,pro,36,10,805.3999999999999,1,2.8,270,150,0.278,0
cust_1079,pro,53,10,1345.1000000000001,0,4.12,571,-30,0.189,0
cust_1081,enterprise,74,10,1781.0000000000002,0,5.75,659,30,0.135,0
cust_1082,pro,59,10,1220.2000000000005,62,4.59,648,-30,0.169,1
cust_1083,pro,25,10,591.8000000000001,5,1.94,261,30,0.4,0
cust_1085,pro,49,10,1135.2000000000003,87,3.81,212,30,0.204,1
cust_1088,free,23,9,576.0,63,1.79,82,-1,0.391,1
cust_1090,enterprise,80,10,1645.6999999999996,0,6.22,224,180,0.125,0
cust_1094,pro,41,10,995.3000000000003,6,3.19,703,-30,0.244,0
cust_1095,free,15,8,337.19999999999993,11,1.17,514,-1,0.533,0
cust_1097,free,43,10,800.7999999999997,65,3.34,290,-1,0.233,1
cust_1098,free,10,9,225.10000000000002,13,0.78,50,-1,0.9,0
cust_1100,free,2,2,68.1,18,0.16,413,-1,1.0,0
cust_1104,enterprise,92,10,1959.7000000000005,0,7.15,152,180,0.109,0
cust_1106,pro,53,10,1159.6,0,4.12,215,180,0.189,0
cust_1108,enterprise,64,10,1377.0999999999995,0,4.98,412,60,0.156,0
cust_1109,pro,29,10,566.5,0,2.26,68,150,0.345,0
cust_1110,enterprise,91,10,2307.6,3,7.08,297,-30,0.11,0
cust_1112,pro,54,10,1039.2,5,4.2,324,-30,0.185,0
cust_1114,free,5,3,88.5,7,0.39,454,-1,0.6,0
cust_1119,free,3,2,71.5,85,0.23,522,-1,0.667,1
cust_1120,pro,22,7,620.9999999999999,0,1.71,45,180,0.318,0
cust_1121,free,30,10,695.5999999999999,4,2.33,671,-1,0.333,0
cust_1123,pro,91,10,2102.7,0,7.08,409,180,0.11,0
cust_1126,pro,69,10,1616.8999999999996,35,5.37,384,-30,0.145,1
cust_1127,free,38,9,742.9999999999999,8,2.95,130,-1,0.237,1
cust_1130,free,30,9,722.3000000000001,0,2.33,141,-1,0.3,0
cust_1132,pro,41,10,916.9000000000001,1,3.19,563,120,0.244,0
cust_1133,pro,52,10,1238.8000000000004,1,4.04,467,150,0.192,0
cust_1135,free,27,9,708.3000000000002,1,2.1,677,-1,0.333,0
cust_1138,pro,51,10,1311.1000000000004,2,3.97,62,150,0.196,0
cust_1140,enterprise,79,10,1752.8999999999996,5,6.14,720,30,0.127,0
cust_1143,free,26,10,484.50000000000006,19,2.02,127,-1,0.385,1
cust_1144,pro,35,10,761.1999999999999,1,2.72,116,-30,0.286,0
cust_1145,pro,41,9,888.3000000000001,0,3.19,660,120,0.22,0
cust_1148,free,43,10,1017.1000000000001,1,3.34,515,-1,0.233,0
cust_1153,pro,28,10,672.3,85,2.18,251,60,0.357,1
cust_1154,enterprise,59,10,1397.3999999999996,2,4.59,291,30,0.169,0
cust_1155,free,11,8,233.3,73,0.86,278,-1,0.727,1
cust_1158,free,16,8,375.7,77,1.24,727,-1,0.5,1
cust_1161,free,37,10,781.3000000000002,2,2.88,385,-1,0.27,0
cust_1162,free,18,10,423.5000000000001,64,1.4,478,-1,0.556,1
cust_1165,enterprise,70,10,1641.2,0,5.44,518,60,0.143,0
cust_1166,free,43,10,1008.7999999999998,3,3.34,337,-1,0.233,0
cust_1171,free,27,10,472.8999999999999,88,2.1,396,-1,0.37,1
cust_1176,free,11,7,282.2,36,0.86,514,-1,0.636,1
cust_1177,free,39,10,890.2000000000002,50,3.03,187,-1,0.256,1
cust_1179,pro,42,10,899.8,1,3.27,190,60,0.238,0
cust_1181,free,15,7,274.29999999999995,13,1.17,179,-1,0.467,0
cust_1183,pro,23,10,486.1000000000001,6,1.79,252,150,0.435,0
cust_1188,enterprise,59,10,1531.6000000000004,0,4.59,610,0,0.169,0
cust_1189,free,25,10,578.3,1,1.94,360,-1,0.4,0
cust_1191,free,46,10,1024.3,3,3.58,526,-1,0.217,0
cust_1193,free,16,8,450.2,35,1.24,71,-1,0.5,1
cust_1196,pro,32,10,803.9999999999999,1,2.49,249,60,0.313,0
cust_1198,free,33,10,768.0999999999999,57,2.57,31,-1,0.303,1
cust_0186,free,0,0,0.0,90,0.0,428,-1,0.0,0
cust_0551,free,0,0,0.0,90,0.0,621,-1,0.0,0
cust_0424,free,0,0,0.0,90,0.0,437,-1,0.0,1
cust_0879,free,0,0,0.0,90,0.0,604,-1,0.0,0
cust_1137,free,0,0,0.0,90,0.0,417,-1,0.0,0
cust_0450,free,0,0,0.0,90,0.0,342,-1,0.0,1
cust_0921,free,0,0,0.0,90,0.0,470,-1,0.0,0
cust_0924,free,0,0,0.0,90,0.0,208,-1,0.0,0
cust_1182,free,0,0,0.0,90,0.0,339,-1,0.0,1
cust_0276,free,0,0,0.0,90,0.0,548,-1,0.0,0
cust_0373,free,0,0,0.0,90,0.0,241,-1,0.0,1
cust_0599,free,0,0,0.0,90,0.0,684,-1,0.0,1
cust_0707,free,0,0,0.0,90,0.0,283,-1,0.0,1
cust_1117,free,0,0,0.0,90,0.0,108,-1,0.0,1
cust_0008,free,0,0,0.0,90,0.0,246,-1,0.0,0
cust_0472,free,0,0,0.0,90,0.0,273,-1,0.0,1
cust_0720,free,0,0,0.0,90,0.0,162,-1,0.0,1
cust_0978,free,0,0,0.0,90,0.0,454,-1,0.0,1
cust_1043,free,0,0,0.0,90,0.0,136,-1,0.0,1
cust_1118,free,0,0,0.0,90,0.0,174,-1,0.0,0
cust_0085,free,0,0,0.0,90,0.0,474,-1,0.0,1
cust_0236,free,0,0,0.0,90,0.0,361,-1,0.0,0
cust_0721,free,0,0,0.0,90,0.0,579,-1,0.0,0
cust_1125,free,0,0,0.0,90,0.0,123,-1,0.0,0
cust_0018,free,0,0,0.0,90,0.0,409,-1,0.0,1
cust_0210,free,0,0,0.0,90,0.0,104,-1,0.0,0
cust_0331,free,0,0,0.0,90,0.0,287,-1,0.0,1
cust_1152,free,0,0,0.0,90,0.0,148,-1,0.0,0
cust_0489,free,0,0,0.0,90,0.0,238,-1,0.0,0
cust_0506,free,0,0,0.0,90,0.0,243,-1,0.0,1
cust_0640,free,0,0,0.0,90,0.0,137,-1,0.0,1
cust_0684,free,0,0,0.0,90,0.0,712,-1,0.0,0
cust_1062,free,0,0,0.0,90,0.0,409,-1,0.0,0
cust_0104,free,0,0,0.0,90,0.0,126,-1,0.0,1
cust_0121,free,0,0,0.0,90,0.0,634,-1,0.0,1
cust_0714,free,0,0,0.0,90,0.0,94,-1,0.0,1
cust_0816,free,0,0,0.0,90,0.0,336,-1,0.0,1
cust_1124,pro,0,0,0.0,90,0.0,676,180,0.0,0
cust_0252,free,0,0,0.0,90,0.0,90,-1,0.0,1
cust_0819,free,0,0,0.0,90,0.0,139,-1,0.0,0
cust_0899,pro,0,0,0.0,90,0.0,705,60,0.0,1
cust_0613,free,0,0,0.0,90,0.0,141,-1,0.0,1
cust_0633,free,0,0,0.0,90,0.0,358,-1,0.0,1
cust_0697,free,0,0,0.0,90,0.0,30,-1,0.0,1
cust_0739,free,0,0,0.0,90,0.0,93,-1,0.0,1
cust_0973,free,0,0,0.0,90,0.0,523,-1,0.0,1
cust_0005,free,0,0,0.0,90,0.0,409,-1,0.0,0
cust_0107,free,0,0,0.0,90,0.0,603,-1,0.0,1
cust_0369,free,0,0,0.0,90,0.0,605,-1,0.0,0
cust_0379,free,0,0,0.0,90,0.0,277,-1,0.0,0
cust_0749,free,0,0,0.0,90,0.0,333,-1,0.0,1
cust_0007,free,0,0,0.0,90,0.0,665,-1,0.0,0
cust_0091,free,0,0,0.0,90,0.0,459,-1,0.0,1
cust_0235,free,0,0,0.0,90,0.0,328,-1,0.0,1
cust_0425,free,0,0,0.0,90,0.0,191,-1,0.0,0
cust_0524,free,0,0,0.0,90,0.0,344,-1,0.0,0
cust_0731,free,0,0,0.0,90,0.0,730,-1,0.0,0
cust_1195,free,0,0,0.0,90,0.0,41,-1,0.0,0
cust_0056,free,0,0,0.0,90,0.0,73,-1,0.0,1
cust_0817,free,0,0,0.0,90,0.0,128,-1,0.0,0
cust_0880,free,0,0,0.0,90,0.0,615,-1,0.0,0
cust_1192,free,0,0,0.0,90,0.0,538,-1,0.0,0
cust_0240,free,0,0,0.0,90,0.0,593,-1,0.0,0
cust_0295,free,0,0,0.0,90,0.0,538,-1,0.0,1
cust_0305,free,0,0,0.0,90,0.0,667,-1,0.0,0
cust_0347,free,0,0,0.0,90,0.0,285,-1,0.0,1
cust_0433,free,0,0,0.0,90,0.0,235,-1,0.0,0
cust_0575,free,0,0,0.0,90,0.0,275,-1,0.0,1
cust_0679,free,0,0,0.0,90,0.0,340,-1,0.0,0
cust_0911,free,0,0,0.0,90,0.0,177,-1,0.0,0
cust_0929,free,0,0,0.0,90,0.0,192,-1,0.0,0
cust_1028,free,0,0,0.0,90,0.0,481,-1,0.0,1
cust_1159,free,0,0,0.0,90,0.0,674,-1,0.0,0
cust_0003,free,28,9,548.7,8,2.18,511,-1,0.321,0
cust_0004,free,57,10,1451.5000000000002,11,4.43,55,-1,0.175,1
cust_0009,free,16,8,380.4000000000001,70,1.24,207,-1,0.5,1
cust_0010,pro,45,10,1199.5,83,3.5,511,180,0.222,1
cust_0011,free,12,7,233.29999999999995,81,0.93,130,-1,0.583,1
cust_0014,free,4,4,63.199999999999996,48,0.31,388,-1,1.0,0
cust_0015,pro,36,10,947.6999999999998,3,2.8,550,90,0.278,0
cust_0016,pro,54,10,1245.8,5,4.2,498,-30,0.185,0
cust_0021,enterprise,67,10,1409.8,1,5.21,321,150,0.149,0
cust_0022,enterprise,83,10,2065.3,0,6.45,688,120,0.12,0
cust_0023,pro,53,10,1133.1000000000001,1,4.12,134,0,0.189,0
cust_0024,pro,65,10,1463.7000000000003,4,5.05,723,0,0.154,0
cust_0027,enterprise,107,10,2387.3999999999996,0,8.32,562,120,0.093,0
cust_0030,free,27,10,633.8000000000001,1,2.1,75,-1,0.37,0
cust_0032,free,30,10,645.2000000000002,1,2.33,435,-1,0.333,0
cust_0035,free,39,10,853.0999999999999,12,3.03,148,-1,0.256,1
cust_0036,pro,11,8,278.0,0,0.86,328,180,0.727,0
cust_0038,pro,1,1,40.8,57,0.08,694,-60,1.0,0
cust_0045,pro,60,10,1351.4000000000003,54,4.67,619,-30,0.167,1
cust_0046,enterprise,106,10,2316.500000000001,0,8.24,73,150,0.094,0
cust_0055,pro,49,10,1179.9,1,3.81,291,120,0.204,0
cust_0057,pro,82,10,1819.6000000000001,0,6.38,713,180,0.122,0
cust_0062,pro,18,8,398.40000000000003,1,1.4,201,180,0.444,0
cust_0064,free,17,8,376.3,82,1.32,323,-1,0.471,1
cust_0067,pro,64,10,1635.9,2,4.98,640,180,0.156,0
cust_0070,pro,19,9,405.9,0,1.48,630,30,0.474,0
cust_0072,free,31,10,636.0999999999999,56,2.41,665,-1,0.323,1
cust_0073,enterprise,120,10,2605.399999999999,0,9.33,668,120,0.083,0
cust_0076,pro,57,10,1269.2,0,4.43,680,30,0.175,0
cust_0078,pro,35,10,825.3000000000001,4,2.72,85,60,0.286,0
cust_0079,pro,2,2,72.6,59,0.16,402,180,1.0,1
cust_0081,free,22,9,641.9000000000001,45,1.71,479,-1,0.409,1
cust_0083,pro,2,2,24.8,0,0.16,252,60,1.0,0
cust_0086,free,46,10,827.6999999999999,1,3.58,71,-1,0.217,0
cust_0088,pro,60,10,1241.4999999999993,1,4.67,603,90,0.167,0
cust_0093,pro,54,10,1137.2000000000003,70,4.2,431,60,0.185,1
cust_0095,enterprise,65,10,1393.7000000000005,0,5.05,221,60,0.154,0
cust_0097,free,36,9,693.2,85,2.8,326,-1,0.25,1
cust_0098,pro,60,10,1340.4,25,4.67,474,180,0.167,1
cust_0101,free,54,10,1322.7999999999997,1,4.2,573,-1,0.185,0
cust_0102,free,3,3,60.1,74,0.23,518,-1,1.0,1
cust_0103,free,27,10,563.7,0,2.1,442,-1,0.37,0
cust_0106,free,10,8,258.30000000000007,0,0.78,564,-1,0.8,0
cust_0108,free,28,9,720.2999999999998,1,2.18,564,-1,0.321,0
cust_0112,pro,90,10,2024.6000000000004,1,7.0,655,120,0.111,0
cust_0115,pro,30,10,722.6,90,2.33,105,150,0.333,1
cust_0118,pro,41,10,1002.6000000000001,71,3.19,617,30,0.244,1
cust_0120,free,21,10,410.3,80,1.63,443,-1,0.476,1
cust_0122,enterprise,83,10,2097.100000000001,1,6.45,365,120,0.12,0
cust_0124,free,59,10,1286.8000000000002,26,4.59,107,-1,0.169,1
cust_0127,free,3,3,45.2,71,0.23,427,-1,1.0,1
cust_0128,pro,58,10,1443.4999999999995,82,4.51,448,90,0.172,1
cust_0129,free,15,7,270.4,20,1.17,161,-1,0.467,1
cust_0131,free,25,10,563.7,0,1.94,268,-1,0.4,0
cust_0132,enterprise,86,10,2160.5,2,6.69,427,90,0.116,0
cust_0134,free,16,8,413.5999999999999,3,1.24,713,-1,0.5,0
cust_0136,free,38,9,858.6000000000003,8,2.95,674,-1,0.237,0
cust_0137,free,11,6,213.89999999999998,26,0.86,422,-1,0.545,1
cust_0139,enterprise,80,10,1807.5999999999992,2,6.22,121,120,0.125,0
cust_0141,free,21,10,584.1,0,1.63,415,-1,0.476,0
cust_0142,pro,49,10,1123.6000000000001,0,3.81,458,30,0.204,0
cust_0147,free,19,9,396.0,1,1.48,240,-1,0.474,0
cust_0148,pro,31,9,733.5000000000001,0,2.41,108,0,0.29,0
cust_0154,free,50,10,1337.7,55,3.89,126,-1,0.2,1
cust_0156,pro,16,9,296.0,3,1.24,399,120,0.563,0
cust_0157,pro,49,10,1081.0,0,3.81,443,30,0.204,0
cust_0158,free,39,10,815.7999999999998,0,3.03,688,-1,0.256,0
cust_0159,enterprise,102,10,2457.2999999999997,2,7.93,59,90,0.098,0
cust_0160,enterprise,113,10,2705.699999999999,0,8.79,345,-30,0.088,0
cust_0165,free,19,9,501.09999999999997,28,1.48,179,-1,0.474,1
cust_0166,free,8,6,154.2,57,0.62,98,-1,0.75,1
cust_0172,pro,35,10,808.6000000000003,7,2.72,266,-30,0.286,1
cust_0173,free,56,10,1278.6000000000004,73,4.35,62,-1,0.179,1
cust_0174,pro,55,10,1307.8999999999999,53,4.28,545,-30,0.182,1
cust_0175,pro,69,10,1628.5000000000002,0,5.37,307,120,0.145,0
cust_0176,enterprise,78,10,1791.5000000000005,1,6.07,510,120,0.128,0
cust_0178,free,15,10,393.3,3,1.17,629,-1,0.667,0
cust_0179,pro,35,10,729.8000000000001,89,2.72,223,60,0.286,1
cust_0180,enterprise,107,10,2319.500000000001,0,8.32,207,30,0.093,0
cust_0184,free,23,9,548.5000000000001,9,1.79,644,-1,0.391,0
cust_0185,pro,64,10,1346.9999999999995,2,4.98,39,150,0.156,0
cust_0187,pro,48,10,1007.5999999999999,76,3.73,363,90,0.208,1
cust_0188,free,36,10,970.4999999999998,9,2.8,365,-1,0.278,0
cust_0189,enterprise,103,10,2308.9000000000005,1,8.01,624,180,0.097,0
cust_0194,pro,56,10,1299.5999999999995,0,4.35,303,-60,0.179,0
cust_0196,free,54,10,1363.9999999999998,71,4.2,200,-1,0.185,1
cust_0197,pro,50,10,1234.1,3,3.89,143,0,0.2,0
cust_0199,pro,42,10,987.0,1,3.27,58,30,0.238,0
cust_0200,pro,83,10,1849.9,7,6.45,335,120,0.12,1
cust_0204,pro,46,10,1183.3999999999999,3,3.58,46,-60,0.217,0
cust_0207,enterprise,109,10,2552.2000000000016,0,8.48,489,120,0.092,0
cust_0208,pro,59,10,1319.7999999999997,72,4.59,501,90,0.169,1
cust_0213,pro,26,10,556.0,60,2.02,493,30,0.385,1
cust_0214,pro,43,10,985.4000000000001,57,3.34,43,150,0.233,1
cust_0217,free,15,9,302.59999999999997,69,1.17,576,-1,0.6,1
cust_0218,pro,45,10,885.2000000000003,31,3.5,578,150,0.222,1
cust_0219,free,12,8,272.29999999999995,11,0.93,35,-1,0.667,0
cust_0221,free,16,9,326.1,3,1.24,360,-1,0.563,0
cust_0227,free,25,9,654.9000000000001,49,1.94,171,-1,0.36,1
cust_0229,free,13,7,329.20000000000005,59,1.01,510,-1,0.538,1
cust_0230,free,36,10,951.0,6,2.8,619,-1,0.278,0
cust_0231,free,52,10,1197.7,3,4.04,698,-1,0.192,0
cust_0232,pro,65,10,1487.9999999999998,0,5.05,198,90,0.154,0
cust_0233,free,36,10,1035.9,88,2.8,65,-1,0.278,1
cust_0234,pro,24,9,633.1000000000001,78,1.87,539,30,0.375,1
cust_0237,free,3,2,57.5,67,0.23,185,-1,0.667,1
cust_0238,enterprise,114,10,2661.200000000001,56,8.86,327,-30,0.088,1
cust_0241,enterprise,80,10,1700.3999999999996,0,6.22,359,150,0.125,0
cust_0242,pro,25,9,597.2,2,1.94,608,120,0.36,0
cust_0245,pro,31,9,708.4,2,2.41,463,0,0.29,0
cust_0247,free,7,5,130.4,79,0.54,297,-1,0.714,1
cust_0251,pro,25,10,573.6999999999999,5,1.94,569,180,0.4,0
cust_0254,pro,36,10,905.3,1,2.8,53,120,0.278,0
cust_0256,free,24,9,597.4,78,1.87,304,-1,0.375,1
cust_0257,pro,43,10,1076.9999999999998,42,3.34,136,90,0.233,1
cust_0258,free,35,10,755.4000000000001,0,2.72,607,-1,0.286,0
cust_0259,free,1,1,2.6,47,0.08,378,-1,1.0,0
cust_0261,pro,30,9,686.4000000000001,2,2.33,391,30,0.3,0
cust_0263,pro,39,10,789.1,0,3.03,528,-60,0.256,0
cust_0268,free,48,10,941.7999999999997,2,3.73,60,-1,0.208,0
cust_0269,free,33,10,812.3,85,2.57,524,-1,0.303,1
cust_0270,pro,65,9,1279.2000000000003,82,5.05,306,180,0.138,1
cust_0271,free,5,5,158.2,11,0.39,102,-1,1.0,0
cust_0272,free,8,5,205.8,15,0.62,290,-1,0.625,0
cust_0275,pro,5,4,153.1,68,0.39,629,0,0.8,1
cust_0277,free,32,10,822.2000000000002,71,2.49,230,-1,0.313,1
cust_0279,pro,30,9,722.4000000000002,0,2.33,209,90,0.3,0
cust_0281,free,24,9,549.1999999999999,28,1.87,284,-1,0.375,1
cust_0283,free,10,8,278.59999999999997,2,0.78,114,-1,0.8,0
cust_0284,free,41,9,1032.5,56,3.19,446,-1,0.22,1
cust_0289,pro,45,10,1087.6,1,3.5,490,60,0.222,0
cust_0290,enterprise,103,10,2311.8999999999996,1,8.01,493,150,0.097,0
cust_0292,free,5,3,106.00000000000001,4,0.39,370,-1,0.6,0
cust_0294,pro,56,10,1351.3000000000002,69,4.35,399,-60,0.179,1
cust_0296,enterprise,91,10,2062.7,1,7.08,537,150,0.11,1
cust_0298,free,36,10,770.5000000000001,1,2.8,390,-1,0.278,0
cust_0301,free,51,9,1282.2999999999995,0,3.97,707,-1,0.176,0
cust_0302,pro,45,10,986.5000000000001,0,3.5,678,-30,0.222,0
cust_0303,free,55,10,1263.6999999999998,3,4.28,165,-1,0.182,0
cust_0308,free,36,9,830.8999999999999,3,2.8,106,-1,0.25,0
cust_0309,free,30,9,590.9999999999998,3,2.33,531,-1,0.3,0
cust_0312,enterprise,79,10,1850.3000000000004,0,6.14,547,-60,0.127,0
cust_0314,pro,51,10,1151.5,63,3.97,672,150,0.196,1
cust_0315,pro,39,10,895.3999999999996,0,3.03,207,-60,0.256,0
cust_0317,free,23,9,476.1,54,1.79,665,-1,0.391,1
cust_0322,free,24,9,505.0,74,1.87,354,-1,0.375,1
cust_0323,free,9,7,191.5,11,0.7,76,-1,0.778,1
cust_0325,pro,40,9,861.9,1,3.11,292,-60,0.225,0
cust_0326,free,9,4,163.0,82,0.7,160,-1,0.444,1
cust_0329,free,14,7,404.7,80,1.09,673,-1,0.5,1
cust_0330,enterprise,157,10,3615.1999999999994,0,12.21,193,150,0.064,0
cust_0332,free,11,7,281.0,49,0.86,326,-1,0.636,1
cust_0333,enterprise,89,10,2119.4999999999995,0,6.92,580,120,0.112,0
cust_0337,free,56,10,1248.0000000000002,0,4.35,224,-1,0.179,0
cust_0338,enterprise,106,10,2395.7000000000007,0,8.24,107,180,0.094,0
cust_0339,pro,48,10,916.8000000000001,3,3.73,174,-60,0.208,0
cust_0340,pro,31,10,790.8,79,2.41,399,180,0.323,1
cust_0343,pro,57,10,1335.5000000000007,1,4.43,217,0,0.175,0
cust_0345,pro,42,10,1079.1,0,3.27,449,120,0.238,0
cust_0346,enterprise,75,10,1614.6000000000004,66,5.83,63,90,0.133,1
cust_0348,free,10,6,161.70000000000002,26,0.78,460,-1,0.6,0
cust_0349,free,1,1,13.3,46,0.08,241,-1,1.0,0
cust_0350,free,7,6,181.60000000000002,60,0.54,84,-1,0.857,1
cust_0351,pro,91,10,2039.4,74,7.08,553,120,0.11,1
cust_0353,free,16,9,304.30000000000007,50,1.24,76,-1,0.563,1
cust_0355,pro,45,10,800.9,0,3.5,50,90,0.222,0
cust_0362,pro,63,10,1519.1000000000004,1,4.9,145,-60,0.159,0
cust_0363,enterprise,78,10,1815.4999999999995,72,6.07,460,0,0.128,1
cust_0364,enterprise,128,10,3208.7999999999997,58,9.95,383,-30,0.078,1
cust_0368,free,10,8,236.7,47,0.78,700,-1,0.8,1
cust_0374,free,17,9,402.8,1,1.32,242,-1,0.529,0
cust_0375,free,25,10,555.8000000000001,2,1.94,326,-1,0.4,0
cust_0381,free,2,2,52.7,33,0.16,139,-1,1.0,0
cust_0386,free,9,4,257.4,10,0.7,487,-1,0.444,0
cust_0387,free,17,7,262.9,6,1.32,54,-1,0.412,0
cust_0388,pro,60,10,1596.4999999999998,10,4.67,646,90,0.167,1
cust_0390,pro,27,9,734.5000000000001,0,2.1,719,120,0.333,0
cust_0392,free,24,9,549.7000000000002,57,1.87,213,-1,0.375,1
cust_0396,free,12,7,281.2,6,0.93,408,-1,0.583,0
cust_0398,enterprise,82,10,1880.9999999999993,0,6.38,235,150,0.122,0
cust_0399,free,6,5,180.3,72,0.47,87,-1,0.833,1
cust_0401,free,21,9,580.1,15,1.63,609,-1,0.429,1
cust_0402,pro,29,9,721.8000000000001,0,2.26,716,150,0.31,0
cust_0403,pro,64,10,1490.2000000000005,86,4.98,90,90,0.156,1
cust_0404,free,30,10,775.1,3,2.33,653,-1,0.333,0
cust_0407,free,33,9,732.1999999999998,0,2.57,145,-1,0.273,0
cust_0408,pro,80,10,1554.3999999999999,0,6.22,361,-30,0.125,0
cust_0409,pro,67,10,1411.5000000000002,1,5.21,193,60,0.149,0
cust_0411,enterprise,135,10,3196.1000000000004,0,10.5,291,60,0.074,0
cust_0416,enterprise,56,10,1329.6999999999998,74,4.35,380,30,0.179,1
cust_0417,pro,69,10,1507.4000000000003,27,5.37,416,60,0.145,1
cust_0418,pro,37,10,697.3000000000001,2,2.88,93,150,0.27,0
cust_0420,free,40,10,894.9,2,3.11,218,-1,0.25,0
cust_0422,enterprise,71,10,1497.3999999999992,58,5.52,323,60,0.141,1
cust_0426,free,35,10,636.0999999999999,0,2.72,32,-1,0.286,0
cust_0435,pro,81,10,1853.6000000000001,1,6.3,651,0,0.123,0
cust_0436,free,30,10,680.8999999999999,0,2.33,165,-1,0.333,0
cust_0438,free,29,10,606.8000000000001,69,2.26,607,-1,0.345,1
cust_0439,free,6,6,154.20000000000002,10,0.47,369,-1,1.0,0
cust_0442,free,3,3,80.2,81,0.23,394,-1,1.0,1
cust_0443,free,17,9,394.8,30,1.32,613,-1,0.529,1
cust_0444,free,46,10,1076.3999999999999,3,3.58,551,-1,0.217,0
cust_0445,pro,36,9,820.1999999999999,56,2.8,306,30,0.25,1
cust_0446,free,37,10,854.2,4,2.88,641,-1,0.27,0
cust_0447,pro,47,10,1038.3999999999999,0,3.65,39,60,0.213,0
cust_0449,pro,24,10,499.40000000000003,0,1.87,383,180,0.417,0
cust_0452,free,9,7,215.8,55,0.7,327,-1,0.778,1
cust_0453,free,16,10,361.4,79,1.24,427,-1,0.625,1
cust_0455,free,13,7,302.09999999999997,86,1.01,448,-1,0.538,1
cust_0457,free,12,7,248.99999999999997,77,0.93,229,-1,0.583,1
cust_0458,pro,64,10,1441.2000000000003,0,4.98,63,120,0.156,0
cust_0461,free,12,7,218.69999999999996,0,0.93,538,-1,0.583,0
cust_0462,pro,27,8,531.9000000000001,47,2.1,217,180,0.296,1
cust_0465,pro,32,10,587.6,12,2.49,196,-60,0.313,1
cust_0466,enterprise,76,10,1672.8,1,5.91,286,30,0.132,0
cust_0469,free,34,9,793.1000000000001,8,2.64,632,-1,0.265,0
cust_0477,free,21,10,473.40000000000003,6,1.63,48,-1,0.476,0
cust_0478,enterprise,137,10,3053.9999999999995,0,10.65,153,90,0.073,0
cust_0479,enterprise,70,10,1597.3,74,5.44,38,-60,0.143,1
cust_0480,pro,26,10,528.8000000000001,3,2.02,78,90,0.385,0
cust_0481,free,25,10,688.4,1,1.94,526,-1,0.4,0
cust_0485,free,29,9,590.0999999999999,5,2.26,678,-1,0.31,0
cust_0490,free,15,8,300.4,11,1.17,692,-1,0.533,0
cust_0493,pro,44,10,1026.5,2,3.42,415,90,0.227,0
cust_0494,pro,49,10,1149.5,0,3.81,694,-30,0.204,0
cust_0495,pro,19,9,476.7,0,1.48,102,180,0.474,0
cust_0500,free,15,8,259.09999999999997,25,1.17,117,-1,0.533,1
cust_0503,enterprise,74,10,1750.9999999999995,0,5.75,198,150,0.135,0
cust_0504,free,50,10,1127.9,51,3.89,416,-1,0.2,1
cust_0505,free,26,10,566.6,0,2.02,282,-1,0.385,0
cust_0508,pro,44,10,857.9000000000002,0,3.42,593,0,0.227,0
cust_0509,free,10,6,235.1,0,0.78,603,-1,0.6,0
cust_0511,enterprise,79,10,1679.6,3,6.14,273,-60,0.127,0
cust_0514,free,10,6,243.0,67,0.78,82,-1,0.6,1
cust_0517,enterprise,86,10,2099.1000000000004,0,6.69,214,180,0.116,0
cust_0518,enterprise,106,10,2661.7,0,8.24,77,180,0.094,0
cust_0519,enterprise,108,10,2549.0999999999985,1,8.4,481,30,0.093,0
cust_0521,pro,34,10,822.5000000000001,2,2.64,69,150,0.294,0
cust_0522,free,17,7,423.9,44,1.32,444,-1,0.412,1
cust_0525,free,27,10,572.7000000000002,2,2.1,434,-1,0.37,0
cust_0526,pro,31,10,862.3000000000001,6,2.41,179,90,0.323,0
cust_0528,free,17,8,442.20000000000005,56,1.32,113,-1,0.471,1
cust_0530,pro,38,10,858.8000000000003,1,2.95,37,30,0.263,0
cust_0531,enterprise,87,10,2028.1000000000001,82,6.77,468,90,0.115,1
cust_0534,pro,50,10,1217.9999999999995,28,3.89,473,180,0.2,1
cust_0535,free,23,9,594.6000000000001,3,1.79,191,-1,0.391,0
cust_0536,pro,30,9,761.6000000000001,2,2.33,119,150,0.3,0
cust_0538,pro,53,10,1222.0999999999997,2,4.12,676,-60,0.189,0
cust_0539,enterprise,93,10,2061.8999999999996,0,7.23,679,150,0.108,0
cust_0540,free,12,8,272.3,9,0.93,483,-1,0.667,0
cust_0543,free,9,5,142.0,5,0.7,427,-1,0.556,0
cust_0544,enterprise,99,10,2311.3000000000006,1,7.7,470,60,0.101,0
cust_0546,pro,43,10,970.6000000000004,0,3.34,465,120,0.233,0
cust_0547,pro,9,7,197.2,20,0.7,352,120,0.778,1
cust_0553,free,45,10,1027.2,38,3.5,395,-1,0.222,1
cust_0554,enterprise,106,10,2547.399999999999,2,8.24,242,60,0.094,0
cust_0555,pro,33,10,841.9999999999998,6,2.57,95,-60,0.303,0
cust_0556,free,13,6,291.0,3,1.01,696,-1,0.462,0
cust_0557,pro,54,10,1298.3,61,4.2,538,150,0.185,1
cust_0563,free,59,10,1366.5000000000002,2,4.59,208,-1,0.169,0
cust_0565,pro,43,10,951.8000000000001,3,3.34,568,90,0.233,0
cust_0569,enterprise,101,10,2342.8,0,7.85,462,0,0.099,0
cust_0570,free,12,7,293.6,75,0.93,257,-1,0.583,1
cust_0573,pro,18,9,396.70000000000005,4,1.4,620,-60,0.5,1
cust_0576,pro,45,9,1168.5,5,3.5,188,60,0.2,0
cust_0577,enterprise,88,10,2218.7000000000003,1,6.84,252,150,0.114,0
cust_0578,free,20,9,424.70000000000005,3,1.56,264,-1,0.45,0
cust_0580,pro,12,8,274.6,5,0.93,345,30,0.667,0
cust_0584,enterprise,95,10,2289.5,1,7.39,637,180,0.105,0
cust_0591,pro,32,9,703.8,50,2.49,409,150,0.281,1
cust_0595,free,40,10,962.3,1,3.11,409,-1,0.25,0
cust_0597,pro,62,10,1342.7000000000003,1,4.82,56,90,0.161,0
cust_0600,free,52,10,1061.3000000000002,1,4.04,82,-1,0.192,0
cust_0602,free,15,8,328.79999999999995,29,1.17,204,-1,0.533,1
cust_0603,free,37,10,866.8000000000001,0,2.88,463,-1,0.27,0
cust_0604,pro,35,9,756.1999999999998,1,2.72,629,0,0.257,0
cust_0605,pro,5,5,80.2,70,0.39,223,120,1.0,1
cust_0607,pro,72,10,1803.4000000000005,0,5.6,550,30,0.139,0
cust_0609,free,61,10,1378.9999999999995,1,4.74,523,-1,0.164,0
cust_0610,enterprise,97,10,2306.1,2,7.54,406,-60,0.103,0
cust_0612,pro,20,10,416.49999999999994,82,1.56,461,60,0.5,1
cust_0618,pro,45,10,1036.8000000000002,71,3.5,214,90,0.222,1
cust_0624,pro,70,10,1493.9999999999995,7,5.44,378,-30,0.143,1
cust_0629,pro,75,10,1809.6999999999998,0,5.83,244,120,0.133,0
cust_0630,free,22,9,504.49999999999994,2,1.71,350,-1,0.409,0
cust_0631,free,12,7,283.8,17,0.93,388,-1,0.583,1
cust_0632,pro,71,10,1477.9,0,5.52,229,-30,0.141,0
cust_0634,pro,87,10,1937.0000000000002,1,6.77,50,150,0.115,0
cust_0636,free,19,8,432.6,1,1.48,315,-1,0.421,0
cust_0638,pro,40,10,1014.6000000000001,0,3.11,514,60,0.25,0
cust_0639,free,55,10,1381.3999999999999,32,4.28,54,-1,0.182,1
cust_0642,enterprise,79,10,1600.3999999999994,84,6.14,118,90,0.127,1
cust_0644,pro,39,10,887.4000000000002,6,3.03,63,180,0.256,0
cust_0646,pro,55,10,1291.6,1,4.28,601,150,0.182,0
cust_0647,free,11,8,220.3,1,0.86,154,-1,0.727,0
cust_0650,free,18,10,341.1,46,1.4,282,-1,0.556,1
cust_0655,free,37,10,847.2999999999998,6,2.88,504,-1,0.27,1
cust_0660,enterprise,70,10,1678.0,0,5.44,349,0,0.143,0
cust_0662,pro,53,10,1127.3000000000002,0,4.12,598,90,0.189,0
cust_0664,free,5,5,138.7,6,0.39,195,-1,1.0,0
cust_0665,pro,13,7,290.1,2,1.01,513,150,0.538,0
cust_0666,pro,51,10,1254.1000000000004,2,3.97,685,30,0.196,0
cust_0669,pro,26,10,612.5000000000001,8,2.02,452,150,0.385,0
cust_0672,free,8,7,128.6,6,0.62,711,-1,0.875,0
cust_0673,enterprise,66,10,1488.8999999999999,1,5.13,587,150,0.152,0
cust_0674,pro,48,10,1161.7999999999997,3,3.73,156,90,0.208,0
cust_0675,enterprise,66,10,1315.0,0,5.13,251,120,0.152,0
cust_0676,free,26,10,582.0999999999999,71,2.02,194,-1,0.385,1
cust_0677,enterprise,105,10,2408.300000000001,0,8.16,569,150,0.095,0
cust_0678,pro,62,10,1475.8999999999999,0,4.82,341,60,0.161,0
cust_0682,free,22,9,511.99999999999994,4,1.71,56,-1,0.409,0
cust_0683,pro,69,10,1508.8999999999992,2,5.37,699,30,0.145,0
cust_0685,pro,7,5,167.9,56,0.54,336,-60,0.714,1
cust_0686,pro,22,9,556.6,1,1.71,409,-60,0.409,0
cust_0696,free,44,10,1049.0,50,3.42,351,-1,0.227,1
cust_0701,enterprise,92,10,2104.1999999999994,0,7.15,680,60,0.109,0
cust_0703,free,15,7,341.3,13,1.17,72,-1,0.467,0
cust_0704,pro,36,8,799.8000000000002,0,2.8,310,30,0.222,0
cust_0706,enterprise,111,10,2721.7000000000007,0,8.63,602,30,0.09,0
cust_0709,pro,15,7,442.80000000000007,71,1.17,686,-30,0.467,1
cust_0712,free,21,9,403.3999999999999,1,1.63,369,-1,0.429,0
cust_0715,pro,44,10,1073.4999999999998,1,3.42,523,90,0.227,0
cust_0718,pro,33,10,833.4999999999998,62,2.57,356,120,0.303,1
cust_0725,pro,51,10,1301.5,2,3.97,409,-30,0.196,0
cust_0726,free,38,10,861.5000000000001,13,2.95,61,-1,0.263,1
cust_0728,pro,34,10,754.3999999999999,1,2.64,186,30,0.294,0
cust_0729,pro,55,10,1263.4000000000003,2,4.28,326,120,0.182,0
cust_0733,pro,46,10,948.9000000000001,73,3.58,161,30,0.217,1
cust_0734,pro,29,10,655.0999999999999,1,2.26,576,-60,0.345,0
cust_0738,free,29,9,642.4999999999999,64,2.26,140,-1,0.31,1
cust_0740,free,24,9,497.2999999999999,1,1.87,315,-1,0.375,0
cust_0742,free,36,10,829.6999999999999,0,2.8,402,-1,0.278,0
cust_0745,free,35,10,809.4000000000003,85,2.72,500,-1,0.286,1
cust_0752,pro,17,8,361.20000000000005,1,1.32,536,90,0.471,0
cust_0753,pro,57,10,1307.5999999999997,0,4.43,98,90,0.175,0
cust_0754,free,3,3,42.6,60,0.23,632,-1,1.0,0
cust_0757,pro,49,10,967.2,0,3.81,273,0,0.204,0
cust_0760,free,24,10,550.7999999999998,77,1.87,405,-1,0.417,1
cust_0761,free,10,7,257.7,5,0.78,420,-1,0.7,0
cust_0762,free,42,10,877.1000000000001,5,3.27,470,-1,0.238,0
cust_0767,free,10,6,180.7,4,0.78,97,-1,0.6,0
cust_0768,enterprise,85,10,1880.1000000000004,0,6.61,638,90,0.118,0
cust_0769,free,26,8,630.0,1,2.02,460,-1,0.308,0
cust_0772,pro,32,10,668.4999999999999,0,2.49,630,180,0.313,0
cust_0777,pro,25,8,454.3,0,1.94,588,60,0.32,0
cust_0778,enterprise,117,10,2657.000000000002,0,9.1,685,-30,0.085,0
cust_0783,free,4,4,123.2,13,0.31,130,-1,1.0,0
cust_0788,free,22,10,520.0999999999999,0,1.71,503,-1,0.455,0
cust_0789,pro,59,10,1505.7999999999997,1,4.59,704,0,0.169,0
cust_0792,pro,15,7,298.3999999999999,1,1.17,57,150,0.467,0
cust_0793,free,9,6,131.9,6,0.7,54,-1,0.667,1
cust_0796,pro,35,10,888.2000000000002,0,2.72,362,30,0.286,0
cust_0797,enterprise,99,10,2213.5999999999985,10,7.7,130,-30,0.101,1
cust_0800,enterprise,80,10,1729.0000000000002,0,6.22,337,0,0.125,0
cust_0801,free,18,8,403.2,81,1.4,494,-1,0.444,1
cust_0803,enterprise,109,10,2574.5,22,8.48,82,-60,0.092,1
cust_0804,free,21,8,530.4,62,1.63,727,-1,0.381,1
cust_0805,pro,39,10,787.2,4,3.03,38,60,0.256,0
cust_0809,free,45,10,992.4,0,3.5,118,-1,0.222,0
cust_0810,pro,64,10,1621.0000000000002,0,4.98,658,120,0.156,0
cust_0811,pro,48,10,1157.9000000000003,54,3.73,190,0,0.208,1
cust_0812,free,37,10,753.2000000000003,11,2.88,60,-1,0.27,0
cust_0814,enterprise,96,10,2391.900000000001,27,7.47,614,-60,0.104,1
cust_0820,free,2,2,66.3,11,0.16,178,-1,1.0,0
cust_0825,free,7,6,140.2,5,0.54,75,-1,0.857,0
cust_0826,pro,61,10,1445.4999999999998,3,4.74,194,60,0.164,0
cust_0827,free,23,8,485.1,77,1.79,627,-1,0.348,1
cust_0828,pro,29,9,642.5999999999998,0,2.26,223,90,0.31,0
cust_0829,enterprise,79,10,1667.6,1,6.14,608,150,0.127,0
cust_0830,free,26,8,716.2,57,2.02,585,-1,0.308,1
cust_0831,pro,51,10,1067.3000000000004,2,3.97,330,-60,0.196,0
cust_0832,free,46,10,1000.6,4,3.58,361,-1,0.217,0
cust_0833,free,26,9,561.3000000000001,7,2.02,48,-1,0.346,0
cust_0834,pro,53,10,1443.8000000000004,0,4.12,383,90,0.189,0
cust_0835,free,57,10,1335.9,0,4.43,340,-1,0.175,0
cust_0843,free,36,10,752.2000000000002,85,2.8,89,-1,0.278,1
cust_0844,enterprise,77,10,1611.1000000000004,0,5.99,158,90,0.13,0
cust_0846,free,41,10,958.6,2,3.19,243,-1,0.244,0
cust_0851,free,25,9,601.9999999999999,2,1.94,182,-1,0.36,0
cust_0852,pro,29,10,659.4999999999999,1,2.26,577,-60,0.345,0
cust_0855,pro,41,10,1006.0,0,3.19,233,180,0.244,0
cust_0856,pro,52,10,1116.4,0,4.04,548,120,0.192,0
cust_0860,pro,45,10,1050.0,0,3.5,143,60,0.222,0
cust_0863,pro,80,10,1690.7000000000007,29,6.22,336,-60,0.125,1
cust_0866,free,7,5,216.2,2,0.54,119,-1,0.714,0
cust_0869,enterprise,70,10,1542.3999999999999,4,5.44,224,60,0.143,0
cust_0872,free,15,5,309.2,59,1.17,57,-1,0.333,1
cust_0877,pro,63,10,1463.4999999999998,44,4.9,466,0,0.159,1
cust_0887,enterprise,91,10,2130.1,1,7.08,562,30,0.11,0
cust_0889,pro,44,10,1113.1999999999998,74,3.42,523,180,0.227,1
cust_0890,pro,65,10,1679.9,4,5.05,324,60,0.154,0
cust_0898,free,17,8,369.50000000000006,79,1.32,719,-1,0.471,1
cust_0900,free,10,7,221.60000000000005,7,0.78,45,-1,0.7,0
cust_0901,enterprise,105,10,2415.4000000000005,0,8.16,290,-30,0.095,0
cust_0902,pro,58,10,1386.9999999999998,0,4.51,560,150,0.172,0
cust_0903,enterprise,93,10,2262.599999999999,1,7.23,193,120,0.108,0
cust_0905,enterprise,110,10,2491.700000000002,1,8.55,46,150,0.091,0
cust_0906,free,31,10,686.2000000000002,3,2.41,431,-1,0.323,0
cust_0909,pro,56,10,1213.1,4,4.35,188,0,0.179,0
cust_0913,pro,65,10,1375.5999999999997,88,5.05,625,60,0.154,1
cust_0919,free,15,7,294.40000000000003,11,1.17,420,-1,0.467,0
cust_0926,pro,74,10,1719.7,28,5.75,350,90,0.135,1
cust_0930,pro,17,8,327.29999999999995,4,1.32,475,90,0.471,0
cust_0934,pro,33,9,776.7,0,2.57,512,-60,0.273,0
cust_0936,pro,17,10,322.40000000000003,3,1.32,503,-30,0.588,0
cust_0937,free,9,5,223.6,6,0.7,280,-1,0.556,0
cust_0942,pro,58,10,1230.9,3,4.51,247,120,0.172,0
cust_0948,pro,11,8,212.79999999999998,16,0.86,570,-60,0.727,0
cust_0952,pro,25,9,492.20000000000005,62,1.94,661,180,0.36,1
cust_0955,pro,36,10,890.2,50,2.8,149,0,0.278,1
cust_0956,enterprise,83,10,2092.4,0,6.45,662,90,0.12,0
cust_0959,free,13,7,251.8,82,1.01,729,-1,0.538,1
cust_0963,pro,45,10,1094.6,31,3.5,674,-60,0.222,1
cust_0964,pro,70,10,1638.5000000000005,0,5.44,710,150,0.143,0
cust_0965,free,60,10,1273.7000000000003,0,4.67,632,-1,0.167,0
cust_0968,pro,59,10,1215.2999999999997,0,4.59,392,-60,0.169,0
cust_0969,enterprise,60,10,1175.6000000000001,0,4.67,331,90,0.167,0
cust_0971,free,3,3,64.2,23,0.23,369,-1,1.0,0
cust_0972,free,25,9,499.80000000000007,0,1.94,239,-1,0.36,0
cust_0974,free,25,10,583.6999999999999,0,1.94,536,-1,0.4,0
cust_0975,pro,1,1,44.1,62,0.08,119,120,1.0,0
cust_0976,free,38,10,783.3000000000001,51,2.95,393,-1,0.263,1
cust_0977,pro,52,10,1234.2999999999995,1,4.04,246,0,0.192,0
cust_0980,free,48,10,1058.2,1,3.73,697,-1,0.208,0
cust_0982,free,23,10,582.6999999999999,1,1.79,593,-1,0.435,0
cust_0983,free,40,9,802.1999999999999,1,3.11,483,-1,0.225,0
cust_0984,pro,60,10,1489.9000000000005,0,4.67,117,90,0.167,0
cust_0987,free,79,10,1644.9999999999998,2,6.14,488,-1,0.127,0
cust_0988,pro,30,9,639.4,1,2.33,597,150,0.3,0
cust_0989,free,10,6,234.89999999999998,7,0.78,729,-1,0.6,1
cust_0990,free,35,10,818.5999999999999,4,2.72,452,-1,0.286,0
cust_0991,free,5,5,96.39999999999999,4,0.39,730,-1,1.0,0
cust_0994,free,40,9,873.3,89,3.11,210,-1,0.225,1
cust_0998,pro,52,10,1255.0999999999997,48,4.04,55,60,0.192,1
cust_0999,free,37,9,955.0,61,2.88,123,-1,0.243,1
cust_1004,pro,29,9,532.4999999999999,0,2.26,440,150,0.31,0
cust_1007,free,22,8,546.3,52,1.71,61,-1,0.364,1
cust_1009,free,17,8,361.6,19,1.32,186,-1,0.471,1
cust_1013,pro,23,9,569.5,55,1.79,51,150,0.391,1
cust_1014,pro,58,10,1157.4999999999998,0,4.51,213,0,0.172,0
cust_1017,free,4,3,39.5,46,0.31,509,-1,0.75,1
cust_1021,pro,54,10,1072.1000000000004,74,4.2,323,60,0.185,1
cust_1023,free,1,1,43.5,51,0.08,451,-1,1.0,0
cust_1026,free,20,9,418.8,28,1.56,653,-1,0.45,1
cust_1027,free,61,10,1227.4000000000003,1,4.74,426,-1,0.164,0
cust_1029,free,18,9,397.40000000000003,37,1.4,526,-1,0.5,1
cust_1031,pro,45,10,1037.1000000000001,1,3.5,204,150,0.222,0
cust_1032,pro,67,10,1451.6000000000001,2,5.21,629,-30,0.149,0
cust_1033,enterprise,105,10,2317.0,60,8.16,273,0,0.095,1
cust_1036,pro,56,10,1162.8000000000002,0,4.35,697,90,0.179,0
cust_1037,enterprise,116,10,2621.9,89,9.02,167,30,0.086,1
cust_1038,free,42,9,1049.2999999999997,3,3.27,315,-1,0.214,0
cust_1039,pro,8,4,123.5,5,0.62,451,-30,0.5,0
cust_1041,free,4,3,110.8,18,0.31,662,-1,0.75,0
cust_1045,pro,40,10,885.5999999999999,0,3.11,464,60,0.25,0
cust_1046,pro,50,10,1194.8000000000002,0,3.89,400,180,0.2,0
cust_1047,free,31,10,726.6999999999999,39,2.41,453,-1,0.323,1
cust_1048,pro,53,10,1329.6,47,4.12,226,30,0.189,1
cust_1050,free,22,9,554.7,1,1.71,393,-1,0.409,0
cust_1053,pro,21,9,524.6999999999999,30,1.63,642,120,0.429,1
cust_1057,free,9,6,279.7,16,0.7,495,-1,0.667,1
cust_1058,pro,79,10,1868.8999999999996,0,6.14,383,-30,0.127,0
cust_1061,enterprise,88,10,1813.8000000000002,0,6.84,158,90,0.114,0
cust_1063,free,49,10,1093.6000000000001,38,3.81,211,-1,0.204,1
cust_1064,pro,26,8,628.3,68,2.02,253,30,0.308,1
cust_1065,enterprise,115,10,2579.9,0,8.94,131,30,0.087,0
cust_1068,pro,32,9,754.6999999999999,2,2.49,182,-60,0.281,0
cust_1070,free,52,10,1171.7,1,4.04,714,-1,0.192,0
cust_1072,free,17,7,349.80000000000007,1,1.32,308,-1,0.412,0
cust_1075,pro,28,10,636.2,2,2.18,443,-60,0.357,0
cust_1077,enterprise,90,10,2105.899999999999,6,7.0,398,180,0.111,0
cust_1078,free,45,10,1232.0000000000002,3,3.5,243,-1,0.222,0
cust_1080,pro,49,10,1192.3999999999999,2,3.81,644,0,0.204,0
cust_1084,pro,67,10,1542.1,0,5.21,176,60,0.149,0
cust_1086,pro,65,9,1525.2999999999997,72,5.05,600,-30,0.138,1
cust_1087,free,16,9,387.6,1,1.24,128,-1,0.563,0
cust_1089,free,33,10,675.0999999999999,2,2.57,346,-1,0.303,0
cust_1091,enterprise,75,10,1634.6000000000001,0,5.83,565,180,0.133,0
cust_1092,pro,39,10,1042.6999999999998,4,3.03,33,150,0.256,0
cust_1093,pro,26,9,599.7,1,2.02,38,0,0.346,0
cust_1096,free,13,8,350.59999999999997,4,1.01,113,-1,0.615,0
cust_1099,pro,54,10,1274.9,0,4.2,316,180,0.185,0
cust_1101,pro,92,10,2245.2000000000007,2,7.15,204,30,0.109,0
cust_1102,free,26,10,515.8999999999999,66,2.02,284,-1,0.385,1
cust_1103,pro,12,6,151.39999999999998,1,0.93,493,0,0.5,0
cust_1105,pro,57,10,1156.4000000000003,80,4.43,148,180,0.175,1
cust_1107,free,16,9,473.2,7,1.24,152,-1,0.563,0
cust_1111,pro,61,10,1395.7999999999997,0,4.74,200,-60,0.164,0
cust_1113,free,33,10,848.2000000000002,62,2.57,353,-1,0.303,1
cust_1115,pro,38,10,769.7999999999998,0,2.95,227,180,0.263,0
cust_1116,pro,40,10,914.8,2,3.11,194,180,0.25,0
cust_1122,pro,34,10,654.8000000000002,70,2.64,546,0,0.294,1
cust_1128,pro,24,9,463.6000000000001,16,1.87,548,-30,0.375,0
cust_1129,pro,44,10,1016.8000000000002,0,3.42,431,150,0.227,0
cust_1131,free,42,10,800.3000000000001,87,3.27,46,-1,0.238,1
cust_1134,free,28,10,722.6999999999998,0,2.18,496,-1,0.357,0
cust_1136,free,26,10,678.2,63,2.02,579,-1,0.385,1
cust_1139,pro,81,10,2052.6000000000004,1,6.3,494,-60,0.123,0
cust_1142,pro,30,9,732.5999999999999,0,2.33,478,60,0.3,0
cust_1146,pro,40,10,908.3999999999999,1,3.11,86,120,0.25,0
cust_1147,free,9,5,216.10000000000002,8,0.7,149,-1,0.556,0
cust_1149,free,16,9,413.2999999999999,1,1.24,365,-1,0.563,0
cust_1150,free,41,10,835.9999999999999,26,3.19,399,-1,0.244,1
cust_1151,free,31,9,532.4,13,2.41,594,-1,0.29,0
cust_1156,enterprise,95,10,2169.3000000000006,2,7.39,583,60,0.105,0
cust_1157,pro,60,10,1317.8999999999999,57,4.67,563,30,0.167,1
cust_1160,pro,57,10,1422.0000000000005,0,4.43,405,120,0.175,0
cust_1164,pro,49,10,928.6999999999999,9,3.81,579,-60,0.204,1
cust_1167,free,18,7,362.59999999999997,7,1.4,43,-1,0.389,0
cust_1168,free,5,5,61.4,23,0.39,339,-1,1.0,1
cust_1169,free,16,8,278.70000000000005,71,1.24,653,-1,0.5,1
cust_1170,free,60,10,1364.3000000000004,0,4.67,386,-1,0.167,0
cust_1173,free,25,9,574.8,1,1.94,389,-1,0.36,0
cust_1174,free,17,9,390.79999999999995,7,1.32,288,-1,0.529,0
cust_1175,enterprise,89,10,2118.0,1,6.92,322,30,0.112,0
cust_1178,pro,74,10,1848.499999999999,2,5.75,237,120,0.135,0
cust_1180,free,40,9,904.5000000000003,70,3.11,161,-1,0.225,1
cust_1184,free,60,10,1327.3000000000002,51,4.67,452,-1,0.167,1
cust_1185,pro,47,10,1152.1,0,3.65,406,120,0.213,0
cust_1186,pro,20,9,476.0,1,1.56,66,120,0.45,0
cust_1187,free,11,8,263.2,9,0.86,152,-1,0.727,0
cust_1190,pro,76,10,1788.8,0,5.91,719,120,0.132,0
cust_1194,free,13,8,324.2,46,1.01,419,-1,0.615,1
cust_1197,pro,27,10,645.1999999999999,54,2.1,74,30,0.37,1
cust_1199,pro,76,10,1693.5000000000007,1,5.91,146,30,0.132,0
cust_1200,pro,60,10,1460.5,67,4.67,293,60,0.167,1
cust_0082,free,0,0,0.0,90,0.0,248,-1,0.0,0
cust_0191,free,0,0,0.0,90,0.0,55,-1,0.0,0
cust_0215,free,0,0,0.0,90,0.0,114,-1,0.0,0
cust_0414,free,0,0,0.0,90,0.0,646,-1,0.0,0
cust_0623,free,0,0,0.0,90,0.0,250,-1,0.0,0
cust_1051,free,0,0,0.0,90,0.0,460,-1,0.0,0
cust_1059,free,0,0,0.0,90,0.0,40,-1,0.0,1
cust_0060,free,0,0,0.0,90,0.0,200,-1,0.0,0
cust_0087,free,0,0,0.0,90,0.0,160,-1,0.0,0
cust_0040,free,0,0,0.0,90,0.0,147,-1,0.0,0
cust_0727,free,0,0,0.0,90,0.0,170,-1,0.0,1
cust_1141,free,0,0,0.0,90,0.0,219,-1,0.0,0
cust_0815,free,0,0,0.0,90,0.0,294,-1,0.0,1
cust_0163,free,0,0,0.0,90,0.0,558,-1,0.0,1
cust_1022,free,0,0,0.0,90,0.0,38,-1,0.0,1
cust_1076,free,0,0,0.0,90,0.0,530,-1,0.0,1
cust_0352,free,0,0,0.0,90,0.0,191,-1,0.0,0
cust_0354,free,0,0,0.0,90,0.0,161,-1,0.0,1
cust_0935,free,0,0,0.0,90,0.0,98,-1,0.0,0
cust_0917,free,0,0,0.0,90,0.0,414,-1,0.0,1
cust_0044,free,0,0,0.0,90,0.0,523,-1,0.0,1
cust_0099,free,0,0,0.0,90,0.0,632,-1,0.0,1
cust_0267,free,0,0,0.0,90,0.0,283,-1,0.0,0
cust_0285,pro,0,0,0.0,90,0.0,557,30,0.0,0
cust_0598,free,0,0,0.0,90,0.0,127,-1,0.0,1
cust_0944,free,0,0,0.0,90,0.0,265,-1,0.0,0
cust_0202,free,0,0,0.0,90,0.0,476,-1,0.0,0
cust_0434,free,0,0,0.0,90,0.0,605,-1,0.0,1
cust_0741,free,0,0,0.0,90,0.0,450,-1,0.0,0
cust_0785,free,0,0,0.0,90,0.0,288,-1,0.0,0
cust_0075,free,0,0,0.0,90,0.0,232,-1,0.0,1
cust_0168,free,0,0,0.0,90,0.0,165,-1,0.0,0
cust_0169,free,0,0,0.0,90,0.0,330,-1,0.0,1
cust_0228,free,0,0,0.0,90,0.0,431,-1,0.0,0
cust_0558,free,0,0,0.0,90,0.0,252,-1,0.0,0
cust_0770,free,0,0,0.0,90,0.0,280,-1,0.0,1
cust_0193,free,0,0,0.0,90,0.0,444,-1,0.0,1
cust_0198,free,0,0,0.0,90,0.0,192,-1,0.0,0
cust_0266,free,0,0,0.0,90,0.0,348,-1,0.0,0
cust_0497,free,0,0,0.0,90,0.0,333,-1,0.0,0
cust_0310,free,0,0,0.0,90,0.0,575,-1,0.0,0
cust_0448,free,0,0,0.0,90,0.0,557,-1,0.0,0
cust_0688,free,0,0,0.0,90,0.0,405,-1,0.0,1
cust_0693,free,0,0,0.0,90,0.0,690,-1,0.0,0
cust_0744,free,0,0,0.0,90,0.0,222,-1,0.0,1
cust_0782,free,0,0,0.0,90,0.0,249,-1,0.0,0
cust_0962,free,0,0,0.0,90,0.0,261,-1,0.0,1
cust_0029,free,0,0,0.0,90,0.0,687,-1,0.0,1
cust_0222,free,0,0,0.0,90,0.0,709,-1,0.0,1
cust_0313,free,0,0,0.0,90,0.0,186,-1,0.0,1
cust_0589,free,0,0,0.0,90,0.0,291,-1,0.0,0
cust_0795,free,0,0,0.0,90,0.0,711,-1,0.0,0
cust_0881,free,0,0,0.0,90,0.0,372,-1,0.0,1
cust_0031,free,0,0,0.0,90,0.0,206,-1,0.0,0
cust_0182,free,0,0,0.0,90,0.0,238,-1,0.0,0
cust_0842,free,0,0,0.0,90,0.0,465,-1,0.0,0
cust_1163,free,0,0,0.0,90,0.0,712,-1,0.0,0
cust_0249,free,0,0,0.0,90,0.0,537,-1,0.0,0
cust_0356,free,0,0,0.0,90,0.0,116,-1,0.0,0
cust_0732,free,0,0,0.0,90,0.0,231,-1,0.0,1
cust_0888,free,0,0,0.0,90,0.0,356,-1,0.0,0
cust_0985,free,0,0,0.0,90,0.0,146,-1,0.0,0
cust_1172,free,0,0,0.0,90,0.0,527,-1,0.0,0
